path	size_bytes	sha256
README.md	618	5047c7fb0e7a91a83ec815d8da155b9c3e51702bde9a6ee3d15b232016180695
flydata/Hover/Hover_none_1.ulg	2572583	ca8956b1478294926d6279fd303dfc667fd026abe8bbed6cc6d1aef4d6417873
flydata/Hover/Hover_none_1_battery_status_0.csv	66818	df2ff14e3c7e4705a886f3009d7877197ed180a3800908c7f2aa9e8a0b414669
flydata/Hover/Hover_none_1_vehicle_local_position_0.csv	237175	8ec575fc225ee77c81b1e5f2e6af7d7dfa4ba0b38ef5b39474bc43374b768fdc
flydata/Hover/Hover_none_2.ulg	2511768	76214a582569762e9cf638946d6ff59431815d8b58790dc76dd67c3ba1cd222d
flydata/Hover/Hover_none_2_battery_status_0.csv	67176	a983e32f8658e32cfc7a67d88f8e1f93f185f7dc36842e6adda9e73d159c4ff5
flydata/Hover/Hover_none_2_vehicle_local_position_0.csv	238612	4c6e15fdf32f3acfdb8605a9a5f66d228f573d1e7ce712eaaa3ccb170af181cc
flydata/Hover/Hover_one_1.ulg	2622513	35d91715eecfe74623b446ee5ad8fe6458c8a6f011b7266ad3664c9cd8955291
flydata/Hover/Hover_one_1_battery_status_0.csv	68064	553675c0bcb3029e728bcc8a6cf747e97d71dd6abdb95c2c0912baa061493490
flydata/Hover/Hover_one_1_vehicle_local_position_0.csv	245394	44c7e6afb1f3ec6aac531f61b5d6a698dea8215308837f0d73b4b083eac9f326
flydata/Hover/Hover_one_2.ulg	2695918	0a5992cec09afaec424f81c2696944ca2d42616fbc30cbd026153a1cbb629a11
flydata/Hover/Hover_one_2_battery_status_0.csv	69650	5e75349459edff2c0ac35f4edc9c125d1c5910efb6d3a779027e2da0a0e616d1
flydata/Hover/Hover_one_2_vehicle_local_position_0.csv	248013	4d40142a1e55d200ac1f84cf103851ab3c2a2e1c69509acbae95e59f3f970a6f
flydata/Hover/Hover_two_1.ulg	2470655	cfb1d23446e9ca4bff8377979e90d8a3940705ed29a88c3a82a14ddf8c87e513
flydata/Hover/Hover_two_1_battery_status_0.csv	66907	f7eda16e949e7f037ba4aaad7d667bd68dbf05b7cefc98f2e0a63f5fca5f95c7
flydata/Hover/Hover_two_1_vehicle_local_position_0.csv	235146	a8bb95854d3cda0655ae80561cc46ab0baf38f27ec74e3c766635130de18bc60
flydata/Hover/Hover_two_2.ulg	2543509	c55f3407b97998ad1a10003c40cd7c0fe08c67c016dc4336d61a515d2ac21bfc
flydata/Hover/Hover_two_2_battery_status_0.csv	69223	cca681fef85e27182825aa3aba8949554680f187faad2943257a717eb60e398b
flydata/Hover/Hover_two_2_vehicle_local_position_0.csv	230245	94665e39d0eac46fd7f610eb8749e9ae47959e924efc627d83c5ced6593d4aba
flydata/Move_go/none_1/arming_time_20260125_201238.csv	39	029b09db96b7b1f35e5095c03ba960b7f3daca7dedd570cccc76d6766d5b419e
flydata/Move_go/none_1/bspline_dna_20260125_201230.csv	17759	fcdd6da799a1f049fe5fba8558b11a5f5197f46a25cd6af68ab890f3edf68a5b
flydata/Move_go/none_1/log_101_2026-1-21-16-35-36.ulg	3424408	532e9b202b7e9aaa8176c6e70be8cf44f69d18be2646e7a13b02e65ec5270458
flydata/Move_go/none_1/log_101_2026-1-21-16-35-36_battery_status_0.csv	88475	b2bc1ac56eacf3640945819610c20f2146fdb711025fbc26fb15ebd2c2081f4c
flydata/Move_go/none_1/log_101_2026-1-21-16-35-36_vehicle_local_position_0.csv	307430	70ca759051384b86c72b96b72fb3c2ab113fe81988ebe1e42d9760634fff3ab1
flydata/Move_go/none_1/mission_event_log_20260125_201238.csv	423	f5df9387b03525d1187e749bc3b28a9d61bfc0cfbc2f502d398dc26fc7dc376d
flydata/Move_go/none_2/arming_time_20260125_202539.csv	39	e92495ea6efac942affe0dc56f38d20de83d42424a98221e773ae86cfb1f3c8e
flydata/Move_go/none_2/bspline_dna_20260125_202601.csv	17856	19ac19c2106822b874b4e83d07774394a2c63919876a3d4f6d90c1045ece666c
flydata/Move_go/none_2/log_102_2026-1-21-16-43-12.ulg	3443299	a1241029234da7efabab6ffcbb263009f703690880701046911c79b9bffa129f
flydata/Move_go/none_2/log_102_2026-1-21-16-43-12_battery_status_0.csv	88889	2f91cc77b0d86c9cbe393ca68255ffc361e9b7d38a89497850c3968e1a0bf88b
flydata/Move_go/none_2/log_102_2026-1-21-16-43-12_vehicle_local_position_0.csv	310701	8f64abb7662e4e6d1d93a2c5bbb35f1c41ed9545dc8f77090a6a7fa9c7fc93d0
flydata/Move_go/none_2/mission_event_log_20260125_202539.csv	423	e7d886d937cd320802605b0dffe447eabce79b758e5ebc4e679cfacd29463d27
flydata/Move_go/none_3/arming_time_20260129_211157.csv	39	5a8e0ddae2f4df2ad363e4d0c697302b3ab2741f8e33c38fe07d516406d3bc71
flydata/Move_go/none_3/bspline_dna_20260129_211153.csv	17455	4e4ea43bd95a419f19d0da537f89d7b94bc9bc2a8f4e791084cba394fa2e3581
flydata/Move_go/none_3/log_127_2026-1-28-16-41-42.ulg	3032096	818427b6584c80fef5a5d39a2862aa2425f2649c75c78b8e2aef1f0c8199bfca
flydata/Move_go/none_3/log_127_2026-1-28-16-41-42_battery_status_0.csv	78354	e209231d671ae8244800c808b99e55002e9fc1ae701fe57c467798b589ee746f
flydata/Move_go/none_3/log_127_2026-1-28-16-41-42_vehicle_local_position_0.csv	277802	f9b8c6c6a2c9103635414f81f1433d094b15c0f189bf7eddf8388a835282297a
flydata/Move_go/none_3/mission_event_log_20260129_211157.csv	330	04877c61325952bb8d35b43e6418497067b779d71fe152e6f78422e8af730b93
flydata/Move_go/none_4/arming_time_20260129_212457.csv	39	8eada35dbd6ab3766b973197787e49366f9530dde51d26944416a0d98979a0c1
flydata/Move_go/none_4/bspline_dna_20260129_212450.csv	13627	8b01ee3f2c53add02ac7989abd56eaced6de1b288f93055785beb58dc3610768
flydata/Move_go/none_4/log_128_2026-1-28-16-47-36.ulg	2398911	8815693a0bb8bb703cc106959944ce6c89f710bd3a914c6dad50b5498437965c
flydata/Move_go/none_4/log_128_2026-1-28-16-47-36_battery_status_0.csv	61719	8b25bc981d82c39558c2edbc27a8b8f7e4274aaa057245fba468daaeb3dacd74
flydata/Move_go/none_4/log_128_2026-1-28-16-47-36_vehicle_local_position_0.csv	213869	598c5e855f4040dac02635d2f63e66b6173c4712a02d31c24bd46433670f9273
flydata/Move_go/none_4/mission_event_log_20260129_212457.csv	330	257a7475c75169c5b164f8643c9ea5eeb42fe017bfd8f54e3fa8c70ca638de34
flydata/Move_go/none_5/arming_time_20260129_213240.csv	39	9422705b5c991830b211ddaa5bec096befe72a9b02199f3bc1a205764fde0354
flydata/Move_go/none_5/bspline_dna_20260129_212450.csv	13627	8b01ee3f2c53add02ac7989abd56eaced6de1b288f93055785beb58dc3610768
flydata/Move_go/none_5/log_129_2026-1-28-16-55-24.ulg	2028120	53ba54c508269d84334d90685682a0791b8047e1fa7df33087026e2da66a62b7
flydata/Move_go/none_5/log_129_2026-1-28-16-55-24_battery_status_0.csv	53835	ecf1f98795af9a6919c1e2304ca5d0ec3bc0e1b715c57f4ba250e93e64f4bcc8
flydata/Move_go/none_5/log_129_2026-1-28-16-55-24_vehicle_local_position_0.csv	184307	f6fd9e570d3b3a9b10175e44da0393d26a3665640feed7e4e5d33f4740fc10ce
flydata/Move_go/none_5/mission_event_log_20260129_213240.csv	330	0147802f2f04bb47b332faf462893286cd02541a7a0dd19d74adaaf83b31b6ba
flydata/Move_go/none_6/arming_time_20260131_171157.csv	39	dd65f1149922b62da27303e7de2049f69c483ab0f471ec1a534a60cc1679d538
flydata/Move_go/none_6/bspline_dna_20260131_171149.csv	23054	52ac69efc04ee0692933b578c3e9a7dd1ca7a1fed0e11a99ca6754e9836bca85
flydata/Move_go/none_6/log_144_2026-1-28-18-51-12.ulg	3292924	f99f561dd793f74c8937c20b6d801d42e14efc39d41e457d444d8a06b8bd5dbc
flydata/Move_go/none_6/log_144_2026-1-28-18-51-12_battery_status_0.csv	84803	62f098bb54259d9403c30a500c6a1bc7ea087d46d492f79907babeeecba9d4a9
flydata/Move_go/none_6/log_144_2026-1-28-18-51-12_vehicle_local_position_0.csv	290412	3a430e5b0475f1ccd409685c5eafd809221df1e8b432ebe2a7bf8f0207bb1b46
flydata/Move_go/none_6/mission_event_log_20260131_171157.csv	517	e336a40623304c6f3b794681dee989fed3dab7de75d50cacf38e0be35e971c1c
flydata/Move_go/none_7/arming_time_20260201_180702.csv	39	63852fb07dbf6955f2eb765a48d2c72da77c8ab0bd3ac7148a3f9be1e9decad5
flydata/Move_go/none_7/bspline_dna_20260201_180657.csv	35372	fe2e208e7703679e79e1b2b3a8c822b5eecfee100347897f9333040581ef0512
flydata/Move_go/none_7/log_156_2026-1-28-20-21-42.ulg	3280000	a741fa85245271f542e39cbfbf1583288545080df3cc74937fd98b2e5295ea5e
flydata/Move_go/none_7/log_156_2026-1-28-20-21-42_battery_status_0.csv	86393	064fb399f0508a28261e491ef511379142b423ac007bdbae21d91f60024ba7f0
flydata/Move_go/none_7/log_156_2026-1-28-20-21-42_vehicle_local_position_0.csv	290907	8ac02402847a0542690ee55ad7b9634461469365ef20c5ca645ddfcf41391380
flydata/Move_go/none_7/mission_event_log_20260201_180702.csv	517	e82a675282d80cf9b6328f62340bbcaf58f53d39ef130f339e658ee7bbb72046
flydata/Move_go/one_1/arming_time_20260125_204124.csv	39	eb347ada909301d110e451870aa8ef74230029551d6727776ae5a0323e9c6d91
flydata/Move_go/one_1/bspline_dna_20260125_204120.csv	17729	006113fa7f9bb70d9ea152589d18a7a973667f16e5148cffcc2cc03ba7f0ea8a
flydata/Move_go/one_1/log_103_2026-1-21-16-51-44.ulg	3069265	92316e56426566637772dbc7de6dddfb4cb683454f1166d35db53acf53ecf6ac
flydata/Move_go/one_1/log_103_2026-1-21-16-51-44_battery_status_0.csv	79572	f87f2b46060b8cdd6edbc1b19f10dfd40090f933d1faac366fa723617e6627a9
flydata/Move_go/one_1/log_103_2026-1-21-16-51-44_vehicle_local_position_0.csv	277741	f3d6ce1bd2b18cac4a55bd2b8e072dae268b96126ef6354963dedc48d52ec0ed
flydata/Move_go/one_1/mission_event_log_20260125_204124.csv	423	2bfe4fda04d80141c616cd756a57bbf98259992b4d9fa233ff299f0a578d94c9
flydata/Move_go/one_138g_1/arming_time_20260201_182115.csv	39	a187dd623577e67486c70b7f347ab91826eba624fe1127123e4d38f5bafcaf74
flydata/Move_go/one_138g_1/bspline_dna_20260201_182109.csv	21784	0a10289eccec6f2f05fba4949f06f5e2e5873d4cfe4bc5035b6bf89d40ae92a7
flydata/Move_go/one_138g_1/log_157_2026-1-28-20-27-44.ulg	3076677	3bd249c85051b2b6d0a1051b118cf09bd46c2be47c948ce016773528466ad627
flydata/Move_go/one_138g_1/log_157_2026-1-28-20-27-44_battery_status_0.csv	79192	7fd6c328f981081873d38111e719c8840a41a3dc394542cf8e146db51491d105
flydata/Move_go/one_138g_1/log_157_2026-1-28-20-27-44_vehicle_local_position_0.csv	281064	fff8adeb8ca7747966475748b1ae9bb1ecf517d4c1b9755e6289c2969a9b050a
flydata/Move_go/one_138g_1/mission_event_log_20260201_182115.csv	517	fce3e5c0b3359739c4bbcd310810627d507ebca878852fafafa4cceb04b6959c
flydata/Move_go/one_2/arming_time_20260125_205638.csv	39	81aa6cd2452a6e6525cf67fb56de80837ead30a306c79cfecf0dc80535038138
flydata/Move_go/one_2/bspline_dna_20260125_205635.csv	19444	a9f86b072879fbd0679f547f08a754a8051999c5b71dc77b4dde1bc4b29397f9
flydata/Move_go/one_2/log_104_2026-1-21-16-57-04.ulg	3048547	fcfd96d9a86423b83acc7e3541599c782ebed52b14daf38977983535841406aa
flydata/Move_go/one_2/log_104_2026-1-21-16-57-04_battery_status_0.csv	84579	88a3de73ccf919f27a1476c328f5208bc561b2bc31ad14442f50e8a0eb0a4a84
flydata/Move_go/one_2/log_104_2026-1-21-16-57-04_vehicle_local_position_0.csv	292093	29ef699f35e1484aef2201c691f2912aed8be126ac9c678091aacc7fbef3bc70
flydata/Move_go/one_2/mission_event_log_20260125_205638.csv	423	4dc32b927ebf21c95b3fd53450fb50c6203ad5467aac908e4fb71d6d24ac510d
flydata/Move_go/one_3/arming_time_20260129_215049.csv	39	c646a0cb6c3d6103a95aeb6c94793195af0840d3cb8d83a39d31801bdcb71653
flydata/Move_go/one_3/bspline_dna_20260129_215051.csv	13408	e2fb1d8ee9d233d96d10df401123345f8235d361a012c37d4435d9681feedd18
flydata/Move_go/one_3/log_130_2026-1-28-17-03-06.ulg	2385041	2eee7446f1ef8be4ed8bc5e631a6fcbab7ee36d65bef2dd21bc3757832d6a72d
flydata/Move_go/one_3/log_130_2026-1-28-17-03-06_battery_status_0.csv	62163	b6a239c7045060c4626eab45e0b11a99c4f18ab6a0b445defd2790bfabbbf10a
flydata/Move_go/one_3/log_130_2026-1-28-17-03-06_vehicle_local_position_0.csv	214721	03e5325261825ff018df212003b19a0017517f9af39089b4b5144d423ece55a8
flydata/Move_go/one_3/mission_event_log_20260129_215049.csv	330	f20ed74a03d0d31b529f9ace0b9978c3a968099355542bdedd1f42e93211a863
flydata/Move_go/one_4/arming_time_20260130_212958.csv	39	89349692641f175cc1fdeeb3b5efd0cd58fac079463f0b6449f19ecf11a73c26
flydata/Move_go/one_4/bspline_dna_20260130_213005.csv	11308	40ee94ec106594734e8300230de77d3e42afe0e10df882a85795206ab2cff643
flydata/Move_go/one_4/log_141_2026-1-28-18-28-42.ulg	2070317	f3d6c99c3c5761430c9f861e5d21dc0ecedd35cfab63d77691c32ba21f72b7ed
flydata/Move_go/one_4/log_141_2026-1-28-18-28-42_battery_status_0.csv	53290	7e7795a722d24424cba1eb0e664002b55397b9913b68eb4c2460c96cc96e036b
flydata/Move_go/one_4/log_141_2026-1-28-18-28-42_vehicle_local_position_0.csv	182013	7cda96f7c34572016c97bf5ebb685d8b6a4500368c6c0d03d3dca173957f9731
flydata/Move_go/one_4/mission_event_log_20260130_212958.csv	330	1ec09013ad2009f0bd0a1df048254158e62cd714cbbedb84f901cae0166d5ce8
flydata/Move_go/one_46g_1/arming_time_20260131_172908.csv	39	cff6dda3fbf6c59417d8ad93540a281336464001c6f505decb90da92be5546a1
flydata/Move_go/one_46g_1/bspline_dna_20260131_172901.csv	19819	2b42a8e33f482f5c2e95bb415d77fe08c0d08dca219636dd677699abed4178cc
flydata/Move_go/one_46g_1/log_145_2026-1-28-19-00-50.ulg	2861582	91576846d7505ca3e959c881a12bed6766f3e886a680faf4c1a3b902b5e53c94
flydata/Move_go/one_46g_1/log_145_2026-1-28-19-00-50_battery_status_0.csv	75278	25cc75265039a8ae9077de78d5faaf512bf8b59b9635b953e0c458415fe92995
flydata/Move_go/one_46g_1/log_145_2026-1-28-19-00-50_vehicle_local_position_0.csv	260180	2b428294b4b48ccf39ae7c475c8119c874efa33b3610e59f9e529c53a62c7d11
flydata/Move_go/one_46g_1/mission_event_log_20260131_172908.csv	517	a06fee4cf50caedbf97fee551ad4a1e8952265a4021b45bf62c1d58572ff8092
flydata/Move_go/one_70g_1/arming_time_20260201_202723.csv	39	18ff4fed7e1276093c6b32032d74d3e369aeca2cdd82060eb1adc0464c4c82c8
flydata/Move_go/one_70g_1/bspline_dna_20260201_202719.csv	21267	a00b6d9159b18df19ad6d501bd443893111a5d42f366446ce4a548355cd47dac
flydata/Move_go/one_70g_1/log_159_2026-1-28-20-44-26.ulg	2947171	66c99bd8586dd9c2ad3fd1b18d1abb32e8182e3f1186f4d9ce3590256ab0ff91
flydata/Move_go/one_70g_1/log_159_2026-1-28-20-44-26_battery_status_0.csv	76156	efb51a2e6a0f915cbe65df0965246601b2276bb1c55b7297d8bbf902e609fdad
flydata/Move_go/one_70g_1/log_159_2026-1-28-20-44-26_vehicle_local_position_0.csv	264050	43babb3240bb784b94e8bbef46f2aafd5c37b538df65f5bc35f04857fce208cb
flydata/Move_go/one_70g_1/mission_event_log_20260201_202723.csv	517	6003b209d3416bb3f01b945f5ed6d3e40e2e701c72db74332753f23e16731983
flydata/Move_go/two_1/arming_time_20260125_211336.csv	39	78e55be214588bf3dd755bbc8891f7e7b4cd4a7484feb75d168d591167ef57a3
flydata/Move_go/two_1/bspline_dna_20260125_211333.csv	16117	becc68c6f1abf74e011e9a696ae8ee2174428d4911a866c33d6d2c8053e042e8
flydata/Move_go/two_1/log_105_2026-1-21-17-05-24.ulg	3149228	7dd3664b963fb03aa180cf771483843d909313857d8c40f3654c70bf3182eb17
flydata/Move_go/two_1/log_105_2026-1-21-17-05-24_battery_status_0.csv	85320	d39e286c7419e85dbff0afa06c047b45d9a24a75c7bc29368243ee75bae161ce
flydata/Move_go/two_1/log_105_2026-1-21-17-05-24_vehicle_local_position_0.csv	299921	cb9a961107c7130eaa11f8484a52358b93dcb49c32749c4ffebcbf27f2cf3b66
flydata/Move_go/two_1/mission_event_log_20260125_211336.csv	423	8224c9b34185c62f9dc4091be23b948b4c1619b633cdf67704335f5d5d514d49
flydata/Move_go/two_117g_138g_1/arming_time_20260201_164057.csv	39	19aa91983a4e2a838df61e9643dabdffcbfbf51a7b3c23cde4bc5b6ae2171f3e
flydata/Move_go/two_117g_138g_1/bspline_dna_20260201_164050.csv	21273	735df9207ed251d9bd00c27d9a9b033618f87ccfcba477514d27b037a8923dbe
flydata/Move_go/two_117g_138g_1/log_150_2026-1-28-19-51-34.ulg	3012054	abb1c0522bd25d70c0209d03bbd07ab349f39e1e8301f365328344a3c2a2f910
flydata/Move_go/two_117g_138g_1/log_150_2026-1-28-19-51-34_battery_status_0.csv	77214	abc26535ad17164ab409911df9db30a41be8b8d9f2523e90f6cc79f048425040
flydata/Move_go/two_117g_138g_1/log_150_2026-1-28-19-51-34_vehicle_local_position_0.csv	267258	e52caf73606231f70fd4a32ad248fdd217f55ea98cbccf8d779180f5ff052948
flydata/Move_go/two_117g_138g_1/mission_event_log_20260201_164057.csv	517	cb83e00185b82a897deaf38b84902a9482b752de17f2d416a45875a1da4beab9
flydata/Move_go/two_138g_117g_2/arming_time_20260201_200616.csv	39	39fd20e56ad46d4a2fb7b53a36d7384d72146cabd54dd001b5b1ed0df9dfc752
flydata/Move_go/two_138g_117g_2/bspline_dna_20260201_200616.csv	20962	b6d8c7cad05b5f38937191689a5637be7efd7690dc9d0fb716c2094f12f923e4
flydata/Move_go/two_138g_117g_2/log_158_2026-1-28-20-35-44.ulg	3046305	4adaecfd4ab3ac666bab10e8be78d4320e21de7d1906638f384a21c3db2f53e2
flydata/Move_go/two_138g_117g_2/log_158_2026-1-28-20-35-44_battery_status_0.csv	78691	7fee2b9967e45406357933f1e6017c599d87fd6621576bd12bb3541d29580eb8
flydata/Move_go/two_138g_117g_2/log_158_2026-1-28-20-35-44_vehicle_local_position_0.csv	272337	f6c29423fdf01b5824958b372c4fa22055225265e50c973b1872002c555397b0
flydata/Move_go/two_138g_117g_2/mission_event_log_20260201_200616.csv	517	e542be3a91c218e4a749b50fc3e1441bbc85a23a9f111dcbf5794fb48299542a
flydata/Move_go/two_2/arming_time_20260125_213038.csv	39	b41100a839223acd296aa93e849feab33e7bf279160d79cff02b8d41eb59a681
flydata/Move_go/two_2/bspline_dna_20260125_213035.csv	17393	169c941517eb5617259633bb6f6b951fb83991b8d8f4810388eba152a5f1c732
flydata/Move_go/two_2/log_106_2026-1-21-17-12-16.ulg	3146474	2c5683f08b2c3b31aa736ebcd6cce422a3f9ed7322321ff2e3f4a5363850990a
flydata/Move_go/two_2/log_106_2026-1-21-17-12-16_battery_status_0.csv	85401	9e8e226ae6add6725b1ab66ec7955f2474b85e0d01036aa97d219e1d04940b2d
flydata/Move_go/two_2/log_106_2026-1-21-17-12-16_vehicle_local_position_0.csv	298061	0ecc75b1a6cbd073e5e56fa16cf5b3cead5e4286642cc8233e075cc5bcb1f11b
flydata/Move_go/two_2/mission_event_log_20260125_213038.csv	423	392e9224972c6c81f20589967f8506c1e5dde202538cc1c90a31461378a50c0e
flydata/Move_go/two_3/arming_time_20260130_214646.csv	39	b7c7c1f05faf71f1ec80448f67ef45d34a074aad95639f34e881095fb8f2be9c
flydata/Move_go/two_3/bspline_dna_20260130_214642.csv	13504	059a71b18400e6aefaf027953ee3383b290a4148c8ef16cace3d6fe5dc216cf4
flydata/Move_go/two_3/log_142_2026-1-28-18-37-22.ulg	2360585	8d3e3b13cff7e9e7396e0412d1485b5b8b20c79c523d598e32c7ea5696709a5c
flydata/Move_go/two_3/log_142_2026-1-28-18-37-22_battery_status_0.csv	63538	e9623731f21fd2212348e0188189be109afd8e20022fc3bb746f2cd68f39fa10
flydata/Move_go/two_3/log_142_2026-1-28-18-37-22_vehicle_local_position_0.csv	218096	1bdd1945d37e35f0d57092918752a27f6e165e23db52656d799e261a9deefbe2
flydata/Move_go/two_3/mission_event_log_20260130_214646.csv	330	ebecc6603f3d0ec932b8bd164685dafaef4bacb602187b382fef96dcc21b737a
flydata/Move_go/two_4/arming_time_20260130_220455.csv	39	d6a48f811d0ea1e6364897c89592f292c61ab1a355b9dd27e9f74f1ad7b344ff
flydata/Move_go/two_4/bspline_dna_20260130_220448.csv	11215	da4f73073518ccadf983c7657224af7ced3aeffade60cf445ceac68c01943a79
flydata/Move_go/two_4/log_143_2026-1-28-18-43-48.ulg	1993194	4a23c922b547c87982f3d0c31e24d6ec452c962e62bfff6e9ef2f7914e592472
flydata/Move_go/two_4/log_143_2026-1-28-18-43-48_battery_status_0.csv	53412	bddf1379bad253f4300c328652babc5073dcb616313a7aafd6b9abe01e8e2f6d
flydata/Move_go/two_4/log_143_2026-1-28-18-43-48_vehicle_local_position_0.csv	184210	ca719865f4402c9f074de611eab40ae2e02082b32f964bb282d4a50ab2e75b7a
flydata/Move_go/two_4/mission_event_log_20260130_220455.csv	330	ac3eb7a4fcb2b060e7340c07697084ef5ab3e988167b9558a2c121bc942b8b5f
flydata/Move_go/two_46g_117g_1/arming_time_20260131_182928.csv	39	2b27070f337200de7cf7bd52036e24290a079b0ba13974ff98d4da11534e1064
flydata/Move_go/two_46g_117g_1/bspline_dna_20260131_182924.csv	27582	bb9353339893ce095eae9b6897130a8377ba784bc1b9e93628e84313e00d871e
flydata/Move_go/two_46g_117g_1/log_149_2026-1-28-19-31-56.ulg	2862770	a0199fdf3a76648048e22968c2fbc9be5649989fa1a19be0031d68406e6a6926
flydata/Move_go/two_46g_117g_1/log_149_2026-1-28-19-31-56_battery_status_0.csv	75552	730f2ad58790ea1567c864d29b60b41ee4552e8737a02f130765475eb64785fd
flydata/Move_go/two_46g_117g_1/log_149_2026-1-28-19-31-56_vehicle_local_position_0.csv	262410	a13f6e8d92aa1351c4935d70beacff85f75baea6f7bbb128b64636d7f2a9c0cc
flydata/Move_go/two_46g_117g_1/mission_event_log_20260131_182928.csv	517	257701ab2c3b24a10cc946bd44c158ccb11daeca0e89011a18b1bad8d18b5a49
flydata/Move_go/two_70g_102g_1/arming_time_20260201_210735.csv	39	684ef583aeab0bc34326da27402e928eadf3b1832a8d48e00a728d182a4f22ea
flydata/Move_go/two_70g_102g_1/bspline_dna_20260201_210731.csv	15915	c1956aed344ea4460b1cbfff40c7354504cf8cd925099d87bb93892647ae02a2
flydata/Move_go/two_70g_102g_1/log_161_2026-1-28-20-56-52.ulg	2596801	b6ee26485135b2dac90fad164ecc057fd243e8323c07fbbcfb4f6489cedfd7de
flydata/Move_go/two_70g_102g_1/log_161_2026-1-28-20-56-52_battery_status_0.csv	70254	70e7bd19f8b9e3b126aff5acead2eb73be56193751613d5cf38f9bbfbaa5cbd8
flydata/Move_go/two_70g_102g_1/log_161_2026-1-28-20-56-52_vehicle_local_position_0.csv	251139	993bc7b8247623ad329ec159bc9e9892af24e4226fa7018a3e29923903ee8d96
flydata/Move_go/two_70g_102g_1/mission_event_log_20260201_210735.csv	519	97ce384537ccf3ce2809fa889c2b29e04f4a307df9cfaedde3354a9712a57186
flydata/Move_go/two__138g_46g_1/arming_time_20260201_173446.csv	39	f2190dae97711f7692a53351c6303498b570914edf985073c6953b57f50512c9
flydata/Move_go/two__138g_46g_1/bspline_dna_20260201_173431.csv	38170	3a658bfb777d5025174c6b54a3b0eaa9bedf66830bed0a380ebc731f19925e35
flydata/Move_go/two__138g_46g_1/log_153_2026-1-28-20-09-24.ulg	3434374	a102dbcf74b10da781a1251213eed68d4ad89a1e3a8b867b4e93cf147ba5e11c
flydata/Move_go/two__138g_46g_1/log_153_2026-1-28-20-09-24_battery_status_0.csv	87716	deba672f8af405222925d0b5f81c5ebff500ff35f8f86d3b0df143dddcf9b171
flydata/Move_go/two__138g_46g_1/log_153_2026-1-28-20-09-24_vehicle_local_position_0.csv	301179	b16e35dc0e8a3734e0d405f4e912ba7b8e331cf6bf47a8f9da0fafd50ba3316d
flydata/Move_go/two__138g_46g_1/mission_event_log_20260201_173446.csv	517	55c35f471df5a379528faaf4db36c0727d7211cd9df40b93f149eb98e5bbb662
flydata/README.md	418	790abb2989a0b0081950e40193aae4ea4c6ff004a180972164d9a29c52cbdd08
flydata/UP_Down/none_1.ulg	2585492	aec9de7307a5c6c7325960a2335de9dad72c9d647361e565ace6040466ee7e61
flydata/UP_Down/none_1_battery_status_0.csv	66787	1a4ab6af202a289f01f0aaa194ce1c7a03ccfd54bf07a1dec883e4a671d5f4ac
flydata/UP_Down/none_1_vehicle_local_position_0.csv	234078	f90537c7807f94752c5032d82a31e9318cd3688c6a3a41c84b8cf618d85e4d1f
flydata/UP_Down/none_2.ulg	2503550	4d1546e6b123e26170d92ba358db4b122b526c53fd3dc0e9d3e8c61b37d86cb5
flydata/UP_Down/none_2_battery_status_0.csv	65292	83e153fd3230e3c2ed097ef6281ca02117ac3527ed6f0740b393a23b24a333a7
flydata/UP_Down/none_2_vehicle_local_position_0.csv	229061	bd785d20e35e1a8b52830d8d78c51bc910bcf8cd162936f508b9aba16d0d0601
flydata/UP_Down/one_1.ulg	2551842	011993e1fb6439ae1a4fcd2cfc25bfec3f332fdfed54fed5aeafd7485ed304ef
flydata/UP_Down/one_1_battery_status_0.csv	67297	50dc49d18cadeee8215628e4bac8cea08f2dfbf4a27e52ddd6a0d9311785964d
flydata/UP_Down/one_1_vehicle_local_position_0.csv	236988	051a5706110c302473a59d6791a81492b6ed6bb87dff531cb86270687c20b487
flydata/UP_Down/one_2.ulg	2427429	3c1e9b2f11deaef9092f5f37f96974976a4eb9b8afc5b83f8d2b1fc84abe7ea1
flydata/UP_Down/one_2_battery_status_0.csv	67142	044a15804fffd448f70c2c4ca0a5d8b796c2ffea28fda731abc8318ad02daaa4
flydata/UP_Down/one_2_vehicle_local_position_0.csv	232086	301fa7348a0ce750878631bfa8469842a21f38a0533dd44efb384d8cbb06878c
flydata/UP_Down/two_1.ulg	2423107	97896a4181b0399a6a7e716b6a66a26053cc53db784ec8ce1eec15cd38b792fb
flydata/UP_Down/two_1_battery_status_0.csv	66789	c6c4bd6b5dafc1defbfe68dfb0a8437243e06c1d5d0502aba10ce799a9b80446
flydata/UP_Down/two_1_vehicle_local_position_0.csv	235064	d194a16e4db38dd2fa0a355b6e13cb5433a4d1f13e9a4ec0e99a6acc21e9f1c8
flydata/UP_Down/two_2.ulg	2484354	851f4f962d4148e2becfe001e19c4ec10ed14a12e32851ecbdad6e14e821dc51
flydata/UP_Down/two_2_battery_status_0.csv	67388	dbe4156bd21bbe2c5e8a5815b7887112e5573871d4f4b3d9e420016787783674
flydata/UP_Down/two_2_vehicle_local_position_0.csv	234212	ab2acc6fc0feb3b56710d1f968e044a3b597f8cfac81078cbf73b92ccce6a3b6
flydata/new/ego/1/arming_time_20260318_221005.csv	39	b90dec28588b6a9b7836949d8603b2770273cf7224bc310113480b48e3a1f186
flydata/new/ego/1/bspline_dna_20260318_221001.csv	6226	76e3b5771c46a207cae04431779d8a00d65f46cc59df4ebc0f95b2818a87e455
flydata/new/ego/1/log_195_2026-3-16-04-47-08.ulg	1861792	e089275fbf3245fcf40ab5123f1052202e01c13542d696f634c10eca40ffabbe
flydata/new/ego/1/log_195_2026-3-16-04-47-08_battery_status_0.csv	48371	d50fe155696a2854e69569c29a9a94c28fa5afa7ea510923ae942191014cafa9
flydata/new/ego/1/log_195_2026-3-16-04-47-08_vehicle_local_position_0.csv	167924	40d23ef65cca27a1698095ea9a3a0c72c54f6d5c44c2e70db55c1f404ad74093
flydata/new/ego/10/log_224_2026-3-20-20-16-38.ulg	2053977	0103fa2cdb3a47a8a48a7a541f0a38bf5388585f84cdbff5edfea7698b3c024c
flydata/new/ego/11/log_232_2026-3-20-21-21-18.ulg	2103987	fa8c0674c316758a9b3b9dc572c471a7d192c6eb2b11de2872a6f75db710cf35
flydata/new/ego/12/log_242_2026-3-20-22-04-36.ulg	2014332	866ea2d50e6c7f9e24928b1465ca80a16e2b606cd88dc14988998f81d11baff7
flydata/new/ego/13/log_244_2026-4-2-19-31-38.ulg	2311949	7a09731e71c1eb9a872f15ada8f91c6da7fb0f15c31a99de301df1da8943fc70
flydata/new/ego/14/log_251_2026-4-2-20-09-22.ulg	2095973	28dc6e10abfcf9340dbdca0614f1edf3be9b0e99843627ea45e9dd1ae9d4e82f
flydata/new/ego/15_L_2_1/log_261_2026-4-2-21-16-26.ulg	2111389	4a4ae274a4c3454d3bd268e5cd47db4a01c5f49644a76ea6759de774e34c649d
flydata/new/ego/16_middleobs_2_1/log_264_2026-4-2-21-34-24.ulg	2092865	3a3c568f3f87946cb7eba35a26d445449322ee494aa8f08082ff4d919c34d024
flydata/new/ego/17_middleobs_2_1/log_269_2026-4-2-22-03-44.ulg	2002393	715e7e9ccd369546668c1da12c01cc82e38db314ac78bfd1efc4a8023157e59c
flydata/new/ego/18_middleobs_2_1/log_270_2026-4-2-22-09-22.ulg	1999266	20e96d6cc43652ca1bdda173295c39c2742c16465261bcc0ca18e095b433d735
flydata/new/ego/19_new_middle_2_1_172g/log_277_2026-4-2-22-40-46.ulg	2092372	bcbd14b9fb765adb62f5e5255396fb4aa46b315930cc563962ba2f61fe18f6ce
flydata/new/ego/2/arming_time_20260320_181057.csv	39	0f0c2bbea7bc8c8a3c86163f6884806b9befc4b6ca975386e3246d901b0b4a1a
flydata/new/ego/2/bspline_dna_20260318_224616.csv	5582	acba04723904778a52711a24511390d6c18c06c3434eaf6cd529d205ea85625e
flydata/new/ego/2/log_205_2026-3-20-17-32-58.ulg	1877750	8b90c857fc108952586152c547b7f6a72ca0bb485e02cc696370b81f8dacd85a
flydata/new/ego/2/log_205_2026-3-20-17-32-58_actuator_armed_0.csv	2277	4336a189cd2c42d6a08e00383cbcef7d6e1b3d4612cd954a93dee457235a1419
flydata/new/ego/2/log_205_2026-3-20-17-32-58_actuator_motors_0.csv	42800	de69750ef6a34f707dc35b5f0971ef7817c9c8e0e8edb16cac693f001fcf772f
flydata/new/ego/2/log_205_2026-3-20-17-32-58_actuator_outputs_0.csv	38544	01c31ebcd9dc9a39269a00db904e30683284228006fd8ab5673b49ebc403a4a2
flydata/new/ego/2/log_205_2026-3-20-17-32-58_battery_status_0.csv	48736	0ccf87880b1e98f5cdc492798771802e3e44e57aec7cf2474af93257eb31a97b
flydata/new/ego/2/log_205_2026-3-20-17-32-58_config_overrides_0.csv	1963	4dfa3f17d8bb599991df21b7625acb6db7982fe0c17667acedbae52efd8f7b30
flydata/new/ego/2/log_205_2026-3-20-17-32-58_control_allocator_status_0.csv	23532	78b1d001bd851f3f2b5cacfc2461d62b410242f3cc8af2bfe48765a44ca335c5
flydata/new/ego/2/log_205_2026-3-20-17-32-58_cpuload_0.csv	2783	97317ecf3018c8ad83175ebb622d7f1837d94627194355757fdbbbb6a2c00f00
flydata/new/ego/2/log_205_2026-3-20-17-32-58_estimator_attitude_0.csv	10316	1c4ce34e393cb5e3dbab9f1e0c4186649934533495631a5666965e1ab8441f91
flydata/new/ego/2/log_205_2026-3-20-17-32-58_estimator_attitude_1.csv	10506	d30d81a300a69b44ad6c93fe3cbac75b2822267525391a8d2f77da63a0b86c8f
flydata/new/ego/2/log_205_2026-3-20-17-32-58_estimator_baro_bias_0.csv	7305	ab267bfb13075099db42e82b161206e1c3847b830d6887b8c65052401b4293fe
flydata/new/ego/2/log_205_2026-3-20-17-32-58_estimator_baro_bias_1.csv	7320	8a452fc82368db7b5e1ba71fc0a3ce7133d94dfef301f2a1d1c5b9aee8dd5311
flydata/new/ego/2/log_205_2026-3-20-17-32-58_estimator_event_flags_0.csv	4489	7f2b43bbd5c470606e99eb7428019f43078607913d9be742ccd1186328c63613
flydata/new/ego/2/log_205_2026-3-20-17-32-58_estimator_event_flags_1.csv	4489	20aa545345291bb910edea8fddce1b5e21e6d5c7d85ea692c1616388b7cc17a3
flydata/new/ego/2/log_205_2026-3-20-17-32-58_estimator_innovation_test_ratios_0.csv	21559	52eeeec91883eaa76044702786fa2143cb8b18a1e953d04a92477d05a209f4c8
flydata/new/ego/2/log_205_2026-3-20-17-32-58_estimator_innovation_test_ratios_1.csv	21462	ecf8f0c5a867d0b10fdbcec2c88052ff5312c38968c6cc24fdef79d3016d0e74
flydata/new/ego/2/log_205_2026-3-20-17-32-58_estimator_innovation_variances_0.csv	22361	3ecf4c6190bc00bd650ddf29cf489afb63ac6d80634f5a556fe3f4dddf885852
flydata/new/ego/2/log_205_2026-3-20-17-32-58_estimator_innovation_variances_1.csv	22177	ed74d0b49d2a023d491c617ade816b5efd6835e1013bdd0bbbd48cf87bd8c950
flydata/new/ego/2/log_205_2026-3-20-17-32-58_estimator_innovations_0.csv	21401	9ca4eb87c1dfc4a3d0a38e669ccf392a1ba1394636a771c1e0c20556c87af430
flydata/new/ego/2/log_205_2026-3-20-17-32-58_estimator_innovations_1.csv	21376	d8ea1fb5bcb0b39d4389e36995f8c205b738e9505c60d146d2cc2a28f3f932df
flydata/new/ego/2/log_205_2026-3-20-17-32-58_estimator_local_position_0.csv	32999	d81f9e9b06357bd0bc3bd5b04db35f2d41d715ce8b76e5bc1b46551198e06ad9
flydata/new/ego/2/log_205_2026-3-20-17-32-58_estimator_local_position_1.csv	33306	1b96ffa09a0ac537acf95df6429b2e6c3485d0b427dbfccfcdb85ecc0707e98b
flydata/new/ego/2/log_205_2026-3-20-17-32-58_estimator_selector_status_0.csv	9575	d99fc7dbc3e759103e6d643c0bd3d68b983fd7c893087d86f9abe50ae515ce86
flydata/new/ego/2/log_205_2026-3-20-17-32-58_estimator_sensor_bias_0.csv	57994	c6e8c6a1a3982a7c3482caee0a85a74d78e102eae3d2c04a3ba2481a3c4d5612
flydata/new/ego/2/log_205_2026-3-20-17-32-58_estimator_sensor_bias_1.csv	62846	87e2b612adff49af456295a62819b1093c43e8a8da12f1ca4460480e5c0e4f79
flydata/new/ego/2/log_205_2026-3-20-17-32-58_estimator_states_0.csv	25664	5ce8fc526ae287f6216f2865d7215f7e6dcee151dd6b553a8a5802cafae4c515
flydata/new/ego/2/log_205_2026-3-20-17-32-58_estimator_states_1.csv	25646	121ced81faf84d1b79f7fac525291273877e910f1921c90120cde9872c878fd8
flydata/new/ego/2/log_205_2026-3-20-17-32-58_estimator_status_0.csv	54931	21f67cb63b8121136cf484732378ed52776670b1345f56adb12e94783d4934b2
flydata/new/ego/2/log_205_2026-3-20-17-32-58_estimator_status_1.csv	53964	b59860e78dd816768c1821972cbb8132c50a383d8fe55edcbbee4c38dff2151a
flydata/new/ego/2/log_205_2026-3-20-17-32-58_estimator_status_flags_0.csv	49964	e722ae4c6983bf7bb1f3f21ab0e2106bbaa802e4e6087e5706b9554ccd10310c
flydata/new/ego/2/log_205_2026-3-20-17-32-58_estimator_status_flags_1.csv	49964	14382a6ed9060bbcde1501b60ba37335fcbc5eaa6dc52e40478b750eff5efa0b
flydata/new/ego/2/log_205_2026-3-20-17-32-58_event_0.csv	3565	19e19a969bd5c1c4921eb81a7a7aeaf3c4e566ae5e6a58244e6199197c48b178
flydata/new/ego/2/log_205_2026-3-20-17-32-58_failsafe_flags_0.csv	12470	730488c00f83f82db158bd64e0113ceb8d7036f41f916eadb296817c2df5b56f
flydata/new/ego/2/log_205_2026-3-20-17-32-58_failure_detector_status_0.csv	3526	b6f2297fc2a5646a472756d9078aa648bc6817d907fcf40a73261eb67160dd69
flydata/new/ego/2/log_205_2026-3-20-17-32-58_home_position_0.csv	332	dd521163410891cc1e686da27e7e2428de38f8c6ecb566e14766475175842cff
flydata/new/ego/2/log_205_2026-3-20-17-32-58_hover_thrust_estimate_0.csv	169	536e0aecd41d96a9a4636857009882c76e377431c51fa2af5a7ba636b49404c0
flydata/new/ego/2/log_205_2026-3-20-17-32-58_input_rc_0.csv	12000	aced1889b6a1a6c904000ce374a185ac649746492749abf3fb2d8037e6e90ed4
flydata/new/ego/2/log_205_2026-3-20-17-32-58_magnetometer_bias_estimate_0.csv	517	a79f17c45d42d5f692c87a967dcc954f43bf4b23ac488f0197099c0bb6a79818
flydata/new/ego/2/log_205_2026-3-20-17-32-58_manual_control_setpoint_0.csv	20185	fda97d61572b6897ae28595941c0d9f5e8bfca9b5fbb021394c55638ecdbecd0
flydata/new/ego/2/log_205_2026-3-20-17-32-58_manual_control_switches_0.csv	2285	b310b22a5eb6dda3ebd005f4f82f0f50deb6a8dc0978d32f613138a2ef6d8a72
flydata/new/ego/2/log_205_2026-3-20-17-32-58_offboard_control_mode_0.csv	10869	d6739cacd51fa5028bd17280e030070f398108791a505546cd4b3363b64a8d34
flydata/new/ego/2/log_205_2026-3-20-17-32-58_parameter_update_0.csv	135	5b3c1eb6e192ff0ca41ea19a89694f4f8e0a1b3aa706afc81020bd5cbe90bbcc
flydata/new/ego/2/log_205_2026-3-20-17-32-58_px4io_status_0.csv	13806	435f71899b5ccb0efd7195f66ebc332e9f59ee7f60dde66b97d5b14a6690165f
flydata/new/ego/2/log_205_2026-3-20-17-32-58_rate_ctrl_status_0.csv	11051	4f883ebed956c5b69d4d2ec127e2efd9b168eccf4b502dc5c72462fc04d6c0f7
flydata/new/ego/2/log_205_2026-3-20-17-32-58_rtl_status_0.csv	574	edcfeed861628819be2ce7c78a4459e7ed16296c1bc29940a2619573b1c665b5
flydata/new/ego/2/log_205_2026-3-20-17-32-58_rtl_time_estimate_0.csv	313	72a3dd56302ae5f8bf79c89a2dc8393a1792717230b08b02b69a8f78e4790642
flydata/new/ego/2/log_205_2026-3-20-17-32-58_sensor_accel_0.csv	3399	005388e2898bad2cee941af69dc3ee6223fd722672626e3f43f6115b07b6f08b
flydata/new/ego/2/log_205_2026-3-20-17-32-58_sensor_accel_1.csv	3637	8927894453ac9d0c3ae4c31aa77acdd92e20a34aae05e370d871103349ef8f63
flydata/new/ego/2/log_205_2026-3-20-17-32-58_sensor_baro_0.csv	2140	7893600cb1f170997181babd551aab60e22669e9d5a5b6da6d1faa27d00ca5f8
flydata/new/ego/2/log_205_2026-3-20-17-32-58_sensor_combined_0.csv	932513	ba1803d15951bfa7c46c129285754f3291e9d694f924f12aca4efbc9daf9f512
flydata/new/ego/2/log_205_2026-3-20-17-32-58_sensor_gyro_0.csv	3517	53c2c77207b145639b30d65005495995e1d88498ba21f05e2e0c6bc2af24f225
flydata/new/ego/2/log_205_2026-3-20-17-32-58_sensor_gyro_1.csv	3790	0496ea853ede139a2f42b654cbfc1ea46fe19230732ec482b5748e6679cab4bb
flydata/new/ego/2/log_205_2026-3-20-17-32-58_sensor_gyro_fft_0.csv	164444	d57004afd7f54ae6d2651b942ed80c93ff924c07e5d752bb66304cd69d25dc3b
flydata/new/ego/2/log_205_2026-3-20-17-32-58_sensor_mag_0.csv	3017	768a81906c7d7bd7d6aa2fc35895daef9db44ae2012365a57aa6796f3c9555e1
flydata/new/ego/2/log_205_2026-3-20-17-32-58_sensors_status_imu_0.csv	36376	2e6fdb11c763ae005e2e09d95628145f686962069382421113e513d691f06c2f
flydata/new/ego/2/log_205_2026-3-20-17-32-58_system_power_0.csv	5378	2d94287d6569a94cdc9ff6c4d61f6351f2a3e20809d1501e242b54a578341cc6
flydata/new/ego/2/log_205_2026-3-20-17-32-58_takeoff_status_0.csv	201	098aa45724a56e51d77c6e06d8c558132df63067c5c832b74b4179847ea6570f
flydata/new/ego/2/log_205_2026-3-20-17-32-58_telemetry_status_0.csv	6041	9d44ffe9a7aa995892dd183f5fdf8bcfce50327f3016589eefd97ea6f51cd06a
flydata/new/ego/2/log_205_2026-3-20-17-32-58_timesync_status_0.csv	3108	74abfa25b79c411816af2f944edf643df755206080e2d791f8aabe4fb9a240f3
flydata/new/ego/2/log_205_2026-3-20-17-32-58_trajectory_setpoint_0.csv	18935	36f2f7697cf632c052e262f191881d6b6fa258a2614d46e0599bd7337dc3abe0
flydata/new/ego/2/log_205_2026-3-20-17-32-58_vehicle_acceleration_0.csv	47375	036a46f56e8ec351b99f9ad43a494c75eb7a9c1f3116ff9321bd9739130aaea1
flydata/new/ego/2/log_205_2026-3-20-17-32-58_vehicle_air_data_0.csv	17148	5f541cdea28d25597a12f51b5a031ebc0b0ec3dafc17f4230e81a561c720ac9f
flydata/new/ego/2/log_205_2026-3-20-17-32-58_vehicle_angular_velocity_0.csv	192404	18d33d4b333ef787e4a949bfb7f5ca621fa97c8e998b4bab6f696cea2c41a73a
flydata/new/ego/2/log_205_2026-3-20-17-32-58_vehicle_attitude_0.csv	100496	8a3732e3534a6874a46b1096d6547d8942e5563bf44ccee51aa50c4445146ca5
flydata/new/ego/2/log_205_2026-3-20-17-32-58_vehicle_attitude_setpoint_0.csv	97219	7b821fae579971f4926742ea1ee6ed99efcdbe70d828b63f285100aab544332c
flydata/new/ego/2/log_205_2026-3-20-17-32-58_vehicle_command_0.csv	270	6d5b0eefd67a6aebff8d5a897f8545e32fa311cfb0b1467df5ffc904b35f4ed0
flydata/new/ego/2/log_205_2026-3-20-17-32-58_vehicle_command_ack_0.csv	330	88301e250dbfb89220c1a5d146da7ac5026ca68f69c8a8bf3f5ac8618b926ee4
flydata/new/ego/2/log_205_2026-3-20-17-32-58_vehicle_control_mode_0.csv	4002	f090988af070aa6be36f4fd449c10db8e4ec9c9f1f7a83d63dc3c3531bdd767e
flydata/new/ego/2/log_205_2026-3-20-17-32-58_vehicle_imu_0.csv	11992	7aaa97b0bbb8ff9ac08d01691e7e976d40f047fbe6d06fbe7276af7ee6ade302
flydata/new/ego/2/log_205_2026-3-20-17-32-58_vehicle_imu_1.csv	12000	9cb87bf828f83775d02145a8a397bfd6e2229cdaf73b7b2c0dd91957bc0ad3f3
flydata/new/ego/2/log_205_2026-3-20-17-32-58_vehicle_imu_status_0.csv	11648	7e4ab41c9febfca83235452044b3727e37b61d4a1de816ed3e654a55ed7c540a
flydata/new/ego/2/log_205_2026-3-20-17-32-58_vehicle_imu_status_1.csv	12089	9ff3e761fbcdb7c8ba29a12c1acca9ea66509344e29f89311de902b799aea1c0
flydata/new/ego/2/log_205_2026-3-20-17-32-58_vehicle_land_detected_0.csv	1913	4a0eee9f016ba2426cb770fb882ffac3289a132317a485874e886d6082b036cb
flydata/new/ego/2/log_205_2026-3-20-17-32-58_vehicle_local_position_0.csv	167694	6c97ce3c6d5dce7c629e4868c48a18ff2a0665712dba379af26fb8e372515cf0
flydata/new/ego/2/log_205_2026-3-20-17-32-58_vehicle_local_position_setpoint_0.csv	62926	c573ff2469de71698e5fc62144b45540e8413a05ba381e054172b2d774b314ca
flydata/new/ego/2/log_205_2026-3-20-17-32-58_vehicle_magnetometer_0.csv	5719	5a9617462917d27b71ece38f8b34553d88b148dead22d36bcd342c5bc6ec2053
flydata/new/ego/2/log_205_2026-3-20-17-32-58_vehicle_rates_setpoint_0.csv	141146	a314a6324cd5dcb93e83051ed74e29d812ddf65db5ae6a904c707ef49e5e5158
flydata/new/ego/2/log_205_2026-3-20-17-32-58_vehicle_status_0.csv	12347	b32adfa10dd04877e5ba01170081109ab75224d6e04f3349444cf7dc96405952
flydata/new/ego/2/log_205_2026-3-20-17-32-58_vehicle_thrust_setpoint_0.csv	87455	d3a5d9ebdbdb80f06e69a3bdbf94db75cd3efe74bb14831e9952fa268907a068
flydata/new/ego/2/log_205_2026-3-20-17-32-58_vehicle_torque_setpoint_0.csv	127875	7e26232daa337877a82c2634ae0da84030b1a6911622cea6781bab4848828e7d
flydata/new/ego/20_new_middle_2_1_219g/log_282_2026-4-2-23-17-24.ulg	2156150	0161f746ed047c08fbb0a810db5e9fb70ac8035334122445e8d1380de124cdb6
flydata/new/ego/21_new_middle_2_1_219g/log_286_2026-4-2-23-41-14.ulg	2080283	aeb6e9c89e07ae1aedf7f5b9df5260cae52b01fa64730b879597e4adad036f7e
flydata/new/ego/22_new_middle_2_1_219g/log_287_2026-4-2-23-43-58.ulg	1920539	d89d31bef55e2d6074183145ddc3bc9f94809fbf896dbf711a6ca122f2c3d77e
flydata/new/ego/23_new_middle_2_1_219g/log_288_2026-4-2-23-51-32.ulg	1939229	2e0d0798a08054b7fc65360d6e6750d72a2b6e005fbfc2e99389c369c31609e1
flydata/new/ego/24_new_middle_2_1_219g/log_293_2026-4-3-00-06-00.ulg	1936173	e4fed13cc4cef88ccd1ad7ce286dd872884da32eb7849be99c352ee33d817dbc
flydata/new/ego/25_new_middle_2_1_none/log_297_2026-4-3-01-05-38.ulg	2223575	bc0fad1f348ef4fc48568c44b8be0aba4bbfb498c3ddffb98e70c86913bb3636
flydata/new/ego/26_new_middle_2_1_none/log_302_2026-4-3-01-44-38.ulg	2034180	fd07c102f424c5193288f39677436e6f0ea5f1cb6a4fbfd251a4e18091a367aa
flydata/new/ego/27_new_middle_2_1_none/log_303_2026-4-3-01-46-18.ulg	2023115	e8871f9ad302114d1fc4919e2f0a692c8d1d493c147cf7adb599a1c6ec969959
flydata/new/ego/28_new_middle_2_1_310g/log_308_2026-4-3-02-06-28.ulg	2034074	1d1adcca062411122c273992f6ab570d3194101b082f1d79c9a47e86b058ed22
flydata/new/ego/29_new_middle_2_1_310g/log_309_2026-4-3-02-08-50.ulg	2029509	f007735d50b4234feedf85916e79dff8cf407538eb11560461fe401f27cd27fc
flydata/new/ego/3/arming_time_20260320_194154.csv	39	5ed6558a63712902153d14924d1693131d314e4f909eab8798e8aa03707cab61
flydata/new/ego/3/log_210_2026-3-20-18-07-56.ulg	1961631	43c9a7764968696691bcb392cd0d0840a135182ebb1f23b19fe88380829e72ec
flydata/new/ego/3/log_210_2026-3-20-18-07-56_action_request_0.csv	45	36621586bf9a5b41c503b853ff9e8eacd3cf99ecdbd84ffd10c1116ad6ac9e51
flydata/new/ego/3/log_210_2026-3-20-18-07-56_actuator_armed_0.csv	2257	2a561f23d05665eaaa8bf42d7d1b321102891f4ab38a14c00c368f7abb1f3691
flydata/new/ego/3/log_210_2026-3-20-18-07-56_actuator_motors_0.csv	43115	682d9a59ca0c355a6ce91f4de3041f6604f144256b139004ec10c1f48ea5aa3f
flydata/new/ego/3/log_210_2026-3-20-18-07-56_actuator_outputs_0.csv	39144	31aad12edf79392bbb632c67ce6109442e6d4382a1b7c8af1111f244447027bd
flydata/new/ego/3/log_210_2026-3-20-18-07-56_actuator_outputs_1.csv	282	a3809b6817c6d55964edd63d957c1fd793755eff62f46da608b628d3fd67c2d8
flydata/new/ego/3/log_210_2026-3-20-18-07-56_battery_status_0.csv	49857	777119e90615fc99c0220fa83827d5427ac179742147e17d8dcb13e0bec348de
flydata/new/ego/3/log_210_2026-3-20-18-07-56_config_overrides_0.csv	1925	1c7318a9ad6048f8b3059a682eacadc5f1b0c9c4bbcffcd23983a7de23aafa65
flydata/new/ego/3/log_210_2026-3-20-18-07-56_control_allocator_status_0.csv	23810	e62a2893cebf8a42ab85419388068cf8d8253aa22d502afaad838c61c712d333
flydata/new/ego/3/log_210_2026-3-20-18-07-56_cpuload_0.csv	2829	5f4c3879cec643c26d92bb6e715c94b35a8fb0124da0ba29526f1132c099eabc
flydata/new/ego/3/log_210_2026-3-20-18-07-56_estimator_attitude_0.csv	10497	e1af7381ac2b2d879ac9c5e5e43a4ca00bb793323396e048cd72a19cb7263c3e
flydata/new/ego/3/log_210_2026-3-20-18-07-56_estimator_attitude_1.csv	10402	b98c3e58163ad7fa735fe6d11c145d85e1cc5b5c0d170d9e35d3f3433329bd60
flydata/new/ego/3/log_210_2026-3-20-18-07-56_estimator_baro_bias_0.csv	7320	5837beb1758e720b87f71dca5532913b98236d82ff8925b30523562fc028a3a3
flydata/new/ego/3/log_210_2026-3-20-18-07-56_estimator_baro_bias_1.csv	7293	dedc2b2dedd2a47b03449e6ff219c8711be66e22052b70bc4b8b9b64598c60d5
flydata/new/ego/3/log_210_2026-3-20-18-07-56_estimator_event_flags_0.csv	4347	bea9378494edbd0e8e90718a87945bd445e86cd9fbd1a6ff98fff69b9c749da8
flydata/new/ego/3/log_210_2026-3-20-18-07-56_estimator_event_flags_1.csv	4347	8762266e328f061ad14f93a5924acd8b41d90d81ad47896de88f1a5045ee00f4
flydata/new/ego/3/log_210_2026-3-20-18-07-56_estimator_innovation_test_ratios_0.csv	21848	ccd0a8b613655ae6abc5441a4b6df7105641686641d3899c0deaff28fd26d710
flydata/new/ego/3/log_210_2026-3-20-18-07-56_estimator_innovation_test_ratios_1.csv	21756	d39a46dfe22ff745137718974739e6c1b2438a6388127fe9912688c590b18c7c
flydata/new/ego/3/log_210_2026-3-20-18-07-56_estimator_innovation_variances_0.csv	22844	455e063a8e816d8733998d6a0c692fd838e1f168586fd5560c0435c6b5601538
flydata/new/ego/3/log_210_2026-3-20-18-07-56_estimator_innovation_variances_1.csv	22644	3f1edd7bf5a57188f4e077e883e913059f3d309fc37b113f856f39518a5024e0
flydata/new/ego/3/log_210_2026-3-20-18-07-56_estimator_innovations_0.csv	21795	1f5f121ef27abd314a3bde772710e5fef8d4d6574663d002c5fd9c202383b4a3
flydata/new/ego/3/log_210_2026-3-20-18-07-56_estimator_innovations_1.csv	21667	7f68b0d0e3e8dc1eaa0712e6879e98d6b67ee9b92983806eaa3b8299caa7652e
flydata/new/ego/3/log_210_2026-3-20-18-07-56_estimator_local_position_0.csv	32750	22bb5b6713a20acb65a85580ba9378e2c69e2e074117ae5aaf21d1eecb85e05a
flydata/new/ego/3/log_210_2026-3-20-18-07-56_estimator_local_position_1.csv	32536	5f6728d43c3b7e3b19e67cec21c731fa4894402ba1e7ff58b1da98bb6c47d9a6
flydata/new/ego/3/log_210_2026-3-20-18-07-56_estimator_selector_status_0.csv	9583	f7a3bdc893f2c79be16bd070ceb8e557c61c5cbf9d3e712fffe407cb053d91fd
flydata/new/ego/3/log_210_2026-3-20-18-07-56_estimator_sensor_bias_0.csv	112295	fb24d55e0fa849349938927c00ffb5ea672b4517784ced80f4261954b81cc6cc
flydata/new/ego/3/log_210_2026-3-20-18-07-56_estimator_sensor_bias_1.csv	88977	eecc511a12e300e257cc442a2128b5b8b913fa9f81ef7ab0c2f2ce6adcebfb99
flydata/new/ego/3/log_210_2026-3-20-18-07-56_estimator_states_0.csv	26114	0eab7f8382f4d0c4118e4fd40f952768276ddd466ae931a46cf5bcfdaf1b7326
flydata/new/ego/3/log_210_2026-3-20-18-07-56_estimator_states_1.csv	26012	4c38b481f05e61e647e003e13d800feb8f804d4c631dedea2651c9874d7a0b4f
flydata/new/ego/3/log_210_2026-3-20-18-07-56_estimator_status_0.csv	54710	ada994cbdc1e04ad58cc869570adaad8ad9b3fce3281a906d60e8c5763c70a7e
flydata/new/ego/3/log_210_2026-3-20-18-07-56_estimator_status_1.csv	54758	282854db25f365991b4e88cb70b8de088c6a7bb94ec9b46445b5bd5adc9432bc
flydata/new/ego/3/log_210_2026-3-20-18-07-56_estimator_status_flags_0.csv	45831	2d70c455b352ecef49dd9164062d9800da95f540bfc611d6343a859b092044b3
flydata/new/ego/3/log_210_2026-3-20-18-07-56_estimator_status_flags_1.csv	45835	8fa2f340ae6165514a2b736f8f133c5afec036de078a4fda7d34d093accbd7ae
flydata/new/ego/3/log_210_2026-3-20-18-07-56_event_0.csv	3471	11e873f6d9abd778402252bde52aba775c9e555194b4aca53685faee26397323
flydata/new/ego/3/log_210_2026-3-20-18-07-56_failsafe_flags_0.csv	12810	d53f51305bca330f338f9b4ccbb046ab5a8e03331ad1f1ffc02a2a70ae0f9e1d
flydata/new/ego/3/log_210_2026-3-20-18-07-56_failure_detector_status_0.csv	3545	835ece03e0ddeeba81b0661e3eaa73aa09f23100cf19e514bf28eb8be1f8b554
flydata/new/ego/3/log_210_2026-3-20-18-07-56_home_position_0.csv	330	7c8ac1b692344a8cc1dac7acbb26771523288757ee46655f5864ad7fae0c158f
flydata/new/ego/3/log_210_2026-3-20-18-07-56_hover_thrust_estimate_0.csv	22715	70fd1bac2f2e4285dd0f97cda3d9920b257ffeaa26f67256e09f2be274ede4a7
flydata/new/ego/3/log_210_2026-3-20-18-07-56_input_rc_0.csv	12156	74c4f8c6999102176398b44b6e38b1472e0610067a527b981c58f4331b3a245b
flydata/new/ego/3/log_210_2026-3-20-18-07-56_landing_gear_0.csv	33	d284fe629ce5bdddececd66bf30500e7928bc62c00271992bd4d7acc62327004
flydata/new/ego/3/log_210_2026-3-20-18-07-56_magnetometer_bias_estimate_0.csv	514	f7ebf025120fc5f0047d0d0fd639b6ea3c5c4f4e0a26dd2d76a837a9f3d848c5
flydata/new/ego/3/log_210_2026-3-20-18-07-56_manual_control_setpoint_0.csv	20081	bc00855fa9895cd146be078c367ae2fc223f22bdac31022d26a2cb722931f20f
flydata/new/ego/3/log_210_2026-3-20-18-07-56_manual_control_switches_0.csv	2283	66c14e0aa09b500145eafa41b462f3a19235032bf608bc56ab13a820907573f1
flydata/new/ego/3/log_210_2026-3-20-18-07-56_offboard_control_mode_0.csv	10701	38fa57b7d01cc8c4e912d0aa4460c31b8810741e559c2a22398631792348b830
flydata/new/ego/3/log_210_2026-3-20-18-07-56_parameter_update_0.csv	127	1cf0aaab721bbcb2a3a11cbf94b82445069c75800b37a5cf9a6f1dfc1cd153dd
flydata/new/ego/3/log_210_2026-3-20-18-07-56_position_setpoint_triplet_0.csv	1765	ad58cf150350e655ab8f8c96c6d32ea31368cc21e7b77e1f5560085c68a32a96
flydata/new/ego/3/log_210_2026-3-20-18-07-56_px4io_status_0.csv	14936	7b9260bbb966b54054a14e3a6891a14322057a5523f592e088d9bf7cabdb8539
flydata/new/ego/3/log_210_2026-3-20-18-07-56_rate_ctrl_status_0.csv	10743	211fab55596e2d3b7778ae4a699b07fd6e60e50afa2da8f4be4dc32b97004e00
flydata/new/ego/3/log_210_2026-3-20-18-07-56_rtl_status_0.csv	552	e23b09850c6db9a9c76b6184a8acf79d161f69a0a233377ee82a7b2edf8ec8d8
flydata/new/ego/3/log_210_2026-3-20-18-07-56_rtl_time_estimate_0.csv	313	72a3dd56302ae5f8bf79c89a2dc8393a1792717230b08b02b69a8f78e4790642
flydata/new/ego/3/log_210_2026-3-20-18-07-56_sensor_accel_0.csv	3388	b03ca52c24a8447ad69782d49171bbfc6fa50bd317add8569c7eefbdb29b6c72
flydata/new/ego/3/log_210_2026-3-20-18-07-56_sensor_accel_1.csv	3640	b0fc1a37e37d1bf32893f8947f886afe170df329ceba4ad7e6de49d56deba07d
flydata/new/ego/3/log_210_2026-3-20-18-07-56_sensor_baro_0.csv	2118	66286815b306e2a4f63b6655231847eff615fb38c22259c358187d2a122e9f64
flydata/new/ego/3/log_210_2026-3-20-18-07-56_sensor_combined_0.csv	946746	9715bbc36c278f6accf0e026615052fbdbbcaa8dd6927dc5f89d2aad82c1fac5
flydata/new/ego/3/log_210_2026-3-20-18-07-56_sensor_gyro_0.csv	3507	8d20b782ef1a857d834538227eee4ce4273f7e2a9f31e45307e5b1f4bdfb1eb9
flydata/new/ego/3/log_210_2026-3-20-18-07-56_sensor_gyro_1.csv	3811	0019afe38a391403154c1293ab1a7799ca8a055a53bb9934acfdf531304f0c1a
flydata/new/ego/3/log_210_2026-3-20-18-07-56_sensor_gyro_fft_0.csv	169340	9bd37e76aa4994104f8fea59de5b89f236d698129590f14b89f448bb553100cf
flydata/new/ego/3/log_210_2026-3-20-18-07-56_sensor_mag_0.csv	2997	ea33aaae64f9aec933d2cc196e0a988b0e8bc92e53ede8a1c63744ceb1b2e4ad
flydata/new/ego/3/log_210_2026-3-20-18-07-56_sensor_selection_0.csv	64	1026dfe58a623aac7b69077871d4039efc40a6ccc69a072c82662741c9109ac9
flydata/new/ego/3/log_210_2026-3-20-18-07-56_sensors_status_imu_0.csv	37146	bc054178b8c38feaaae5fe7b936aab911f6f0bf7f33da05519e7cbe18190dc23
flydata/new/ego/3/log_210_2026-3-20-18-07-56_system_power_0.csv	5464	f7009fa76da845ba0d4bb03f387dbeb18cefb648c7a18b05377065dbf9cd0403
flydata/new/ego/3/log_210_2026-3-20-18-07-56_takeoff_status_0.csv	214	1875cb3b59f3b081d3840acd711184b9aebe1f7cde8db6f0d00cb53d1da0fec4
flydata/new/ego/3/log_210_2026-3-20-18-07-56_telemetry_status_0.csv	6067	d659d0b2eb7c0570d04b8cebdfb67d9c2852d130c7dbb9c32367988ddae3e5b6
flydata/new/ego/3/log_210_2026-3-20-18-07-56_timesync_status_0.csv	3129	24a4e2dee05057c150ac6d545056a5bc2795b2551d01298f7556a800270d910e
flydata/new/ego/3/log_210_2026-3-20-18-07-56_trajectory_setpoint_0.csv	19225	11d42d514d560a186386456e61ffc2ed36fadf955c55eaf52e85a0174ac4e4d6
flydata/new/ego/3/log_210_2026-3-20-18-07-56_transponder_report_0.csv	507	4a3329f9d7eccfd7cbd524ba165ac7baf303318495b5b7cbe5716b2096e0cd11
flydata/new/ego/3/log_210_2026-3-20-18-07-56_vehicle_acceleration_0.csv	46878	5e93720873d702f1d7bba20958a5be4b19a9e137f554e3dc26d57eadf1375319
flydata/new/ego/3/log_210_2026-3-20-18-07-56_vehicle_air_data_0.csv	17147	9e4c512e6ffe079b235b36a04cf098a4385db1bcc574e0f8ecb10647e00e582e
flydata/new/ego/3/log_210_2026-3-20-18-07-56_vehicle_angular_velocity_0.csv	192855	f4eb0cde99378b360266e7474ad2a464a968dc8161488ba1aabb706aaccdebae
flydata/new/ego/3/log_210_2026-3-20-18-07-56_vehicle_attitude_0.csv	104207	c2f638c369eccb7fe93942bb53f77d0e246a89a1e8941aadae389581285bff90
flydata/new/ego/3/log_210_2026-3-20-18-07-56_vehicle_attitude_setpoint_0.csv	97488	53e3fe7b9d679bebb0a3359db0da73d8e0dd019ffe5e802fde0e9cc9577dc4f5
flydata/new/ego/3/log_210_2026-3-20-18-07-56_vehicle_command_0.csv	322	2cf3a4c024afe10d8e83027e12f9e167fe8c2888e7ee0448f6117c43092003aa
flydata/new/ego/3/log_210_2026-3-20-18-07-56_vehicle_command_ack_0.csv	346	915ba1ed399bda2d85f987dc1a56ba000cda1a78526ac44527d6da31cfb4fd32
flydata/new/ego/3/log_210_2026-3-20-18-07-56_vehicle_constraints_0.csv	62	1f4b211c98b7e0ee9401b5ae981f0586f8df9481e22f3cfa2c5bc9310560b08f
flydata/new/ego/3/log_210_2026-3-20-18-07-56_vehicle_control_mode_0.csv	4030	91e5e5c7dbe6cfceca912b16b8b424e5719c4feb44c58e50f56db7f3b9018a34
flydata/new/ego/3/log_210_2026-3-20-18-07-56_vehicle_imu_0.csv	12095	ae858e76122ede012c63a8109c19b2de090e0facf6e6c836f174a9cdac43d3f1
flydata/new/ego/3/log_210_2026-3-20-18-07-56_vehicle_imu_1.csv	12092	38ad73ffa1b6b7f6ac95a654751a59ae29fb7c2e2bc1093e8e6a333e140881e3
flydata/new/ego/3/log_210_2026-3-20-18-07-56_vehicle_imu_status_0.csv	11855	34339dc7171b0f4cb45aac1b3269f5738c09ce9bc2befbb0312a67f1fe5123bd
flydata/new/ego/3/log_210_2026-3-20-18-07-56_vehicle_imu_status_1.csv	12284	efadb033d1dd2c0e4953b60918a3399fb0592da1981cb2132e1ef77f788afece
flydata/new/ego/3/log_210_2026-3-20-18-07-56_vehicle_land_detected_0.csv	1894	aa1fdf7b9e13a41306649e63c0c50f9869ec94fdd2af7628fd4a65ac7edde45e
flydata/new/ego/3/log_210_2026-3-20-18-07-56_vehicle_local_position_0.csv	162961	7ac58f5f2cb2f6900bd58658947742c22c0c70276fdb3c1ac4156e4d2a05e279
flydata/new/ego/3/log_210_2026-3-20-18-07-56_vehicle_local_position_setpoint_0.csv	63020	931ae3d0b712baf279a05ad95bcffe0f21be5e9013ab3b0b055c28114345e190
flydata/new/ego/3/log_210_2026-3-20-18-07-56_vehicle_magnetometer_0.csv	5669	4801ef64ef4e5befbc4da13f972918d67d159d7c67765f754ff9231b04435871
flydata/new/ego/3/log_210_2026-3-20-18-07-56_vehicle_rates_setpoint_0.csv	142273	b5a50b0290914bd6dd940ab5131a152a94cabff5111ba6aaee5bcbb189d22331
flydata/new/ego/3/log_210_2026-3-20-18-07-56_vehicle_status_0.csv	12261	7c751e66118411745e35e37ff51e543048decafd36bca5ecc6e70ab254273347
flydata/new/ego/3/log_210_2026-3-20-18-07-56_vehicle_thrust_setpoint_0.csv	84947	dd81b952e86bbe36af4a43dcfd31fc5aaec191b8cfd0a3e8f770accabe134a42
flydata/new/ego/3/log_210_2026-3-20-18-07-56_vehicle_torque_setpoint_0.csv	125543	74de8f8d650a781c3252583a6a2e700da47c93274c1b7db10cb025af9014ef80
flydata/new/ego/30_new_middle_2_1_310g/log_310_2026-4-3-02-12-00.ulg	2067344	4e693a98b4d654c2a560d0daa806c15639e868ab6caba53c69f5090cb895b503
flydata/new/ego/31_new_two_2_1_none/log_311_2026-4-3-02-19-20.ulg	2102308	9b474901e1eca64e0c14fb2fdcb3f499171b856191238feea163cfb13fd3e574
flydata/new/ego/32_new_two_2_1_none/log_314_2026-4-3-02-28-50.ulg	2039891	528683f8a13003349e967670b212059bdd523f47e8cf0897939bb898ea2b026a
flydata/new/ego/33_new_two_2_1_none/log_315_2026-4-3-02-35-36.ulg	2297049	9c6f6a065a054e6819f84a7f8dc98bea087aa11ff2d5bfb9b83a0f652beb2e07
flydata/new/ego/34_new_two_2_1_310g/log_322_2026-4-3-02-58-26.ulg	2140387	66ed78f35a861453775280bdcbfed5651c291be9893961f3ed1be3d2c811e3e0
flydata/new/ego/35_new_two_2_1_310g/log_324_2026-4-3-03-07-22.ulg	2193937	bb4cdaceba641a2f6dbeb1aa5edf6bbb9d6f5fd447bec366dc85829fe2d81c07
flydata/new/ego/36_new_two_2_1_310g/log_325_2026-4-3-03-09-12.ulg	2100063	d092499989a5ff6c20d23fef0a31030c349369cbd55b4b49ceacba4e52895d0c
flydata/new/ego/4/log_213_2026-3-20-19-12-50.ulg	2090071	083757bbff0ff373a08d1559840dac317bdddfcf540391203a0c9b049ad90e69
flydata/new/ego/5/log_214_2026-3-20-19-15-44.ulg	2066186	37efd040df4743c4389be76c43a0023f5c6a322fead12c543863d7b1c9986ce9
flydata/new/ego/5/log_214_2026-3-20-19-15-44_actuator_armed_0.csv	2430	193f265e09919450e22b0620ff54dd3fb9aab4d861c18db24a4cfdfb068e7cc4
flydata/new/ego/5/log_214_2026-3-20-19-15-44_actuator_motors_0.csv	46354	697208ddb604f771037f6480e91fd7604ca8fc1383ed2cd46d3bc0e45d48d6dd
flydata/new/ego/5/log_214_2026-3-20-19-15-44_actuator_outputs_0.csv	42249	9f0a53097576395fb4ee0b3b4522eb8ddece9fd9978ba647c021e688520b3242
flydata/new/ego/5/log_214_2026-3-20-19-15-44_battery_status_0.csv	53502	4263ec3ded04d7945a97a4df14b3d462d89c2882e7de42aefbc2057c86c52c06
flydata/new/ego/5/log_214_2026-3-20-19-15-44_config_overrides_0.csv	2054	5e5b5bfd41de58868991138f058d7083070edb2a6625cd2970618f652b9aa118
flydata/new/ego/5/log_214_2026-3-20-19-15-44_control_allocator_status_0.csv	25844	5ea600016089122a662d6077615ee08e8454793581d802d6fab582c84954c376
flydata/new/ego/5/log_214_2026-3-20-19-15-44_cpuload_0.csv	2976	f91d38ef86310e899fa9c83feb10bfd9c38543b4af18c77c51e3a2123fdb4e19
flydata/new/ego/5/log_214_2026-3-20-19-15-44_estimator_attitude_0.csv	11462	e63a7849bb1706a8a7c56a4f6c21ec4ce43a3bb07aabd4eb1a3b325ad95ebc55
flydata/new/ego/5/log_214_2026-3-20-19-15-44_estimator_attitude_1.csv	11614	a60d01e409cf9f7180471ec4a8d5814b1039d7606b09b9572de89a5982aa67c9
flydata/new/ego/5/log_214_2026-3-20-19-15-44_estimator_baro_bias_0.csv	7926	0d7c8acdee5eaee9e8d9f5d97ed2ad73450e179da4e3ca76a94783775a69d3c5
flydata/new/ego/5/log_214_2026-3-20-19-15-44_estimator_baro_bias_1.csv	7928	29d53b0457a5c680a4f83520db94d760263bd40a121100b5f13f6d8667e96cbc
flydata/new/ego/5/log_214_2026-3-20-19-15-44_estimator_event_flags_0.csv	4821	402dee6483bc03eabebc99d46ecb5ce651867ffb5bbc879513c7fcadbcbeaf36
flydata/new/ego/5/log_214_2026-3-20-19-15-44_estimator_event_flags_1.csv	4737	ec5768e6d86584a6f66f900b6566e9ae56a5387ca050fafbfe4716444414ca74
flydata/new/ego/5/log_214_2026-3-20-19-15-44_estimator_innovation_test_ratios_0.csv	23488	736727b913ba4ba905a6129a55b8e316e2c8691354f4387372e5c90c57e9a047
flydata/new/ego/5/log_214_2026-3-20-19-15-44_estimator_innovation_test_ratios_1.csv	23413	b0782c2e8365bb8058d9dbefb0106ad39a06e77def51694c5f37f654222a3dc8
flydata/new/ego/5/log_214_2026-3-20-19-15-44_estimator_innovation_variances_0.csv	24177	caf6981cca11b3deea55159995d21a40956e4128153d55d4cb1e6b3eb37e719d
flydata/new/ego/5/log_214_2026-3-20-19-15-44_estimator_innovation_variances_1.csv	24302	096d4226fb7616221eee1ba58f38c047dc3e71914f3782421b12804a750c1060
flydata/new/ego/5/log_214_2026-3-20-19-15-44_estimator_innovations_0.csv	23421	1a66e47111d54b41b1f3f6dc909f4219dc62eb2408e04a462b121690441cef89
flydata/new/ego/5/log_214_2026-3-20-19-15-44_estimator_innovations_1.csv	23463	97afeb0e17ef438bcb28350bee83ee3429a32d598700895f933efc3a4cd3f3c6
flydata/new/ego/5/log_214_2026-3-20-19-15-44_estimator_local_position_0.csv	36959	eeff573eb3fb759c441166c7a70cbf985db32a0f30715c415a7a235f2aee9eb5
flydata/new/ego/5/log_214_2026-3-20-19-15-44_estimator_local_position_1.csv	37110	b706ee202632ecdc74df48757d43fb8bf6ec7e4fa5dd84b1beff701cb18a75bd
flydata/new/ego/5/log_214_2026-3-20-19-15-44_estimator_selector_status_0.csv	10305	7070c5b14dd072f8f9dca4e3ccb5a0bb986edc296e9a70ffd2b68b22a9885e1d
flydata/new/ego/5/log_214_2026-3-20-19-15-44_estimator_sensor_bias_0.csv	70397	c8d543b99579cef050f5d4f60f966cc7fe68b40b84eb4ed162eb2538f4eeacde
flydata/new/ego/5/log_214_2026-3-20-19-15-44_estimator_sensor_bias_1.csv	69587	b2ec428717e443e51abe29f36376421ad9da0860fdcb123c6de1a3f445183c21
flydata/new/ego/5/log_214_2026-3-20-19-15-44_estimator_states_0.csv	27987	07ebb4448a6ed10d6f1741ca5242593b829170ff49800f37e0a052dea496ca92
flydata/new/ego/5/log_214_2026-3-20-19-15-44_estimator_states_1.csv	27797	9c120be29fc5c552ea67e715a257922a4c43b881fc2c859ec204ab80860fc8ef
flydata/new/ego/5/log_214_2026-3-20-19-15-44_estimator_status_0.csv	60576	b8b4ac9119d557ea6ea0435d7bd2993765f9343b7d14f03b29759c6c8ccfa02e
flydata/new/ego/5/log_214_2026-3-20-19-15-44_estimator_status_1.csv	59499	87955a3b8d7425da0d7b5f4d6bec1ac1e653b0045bdbdfe2654dafd10c8ac437
flydata/new/ego/5/log_214_2026-3-20-19-15-44_estimator_status_flags_0.csv	59208	afe515c130d96eb96c446fcb9e3459bfd15d171aca46f0db9f28cfccc3aaa162
flydata/new/ego/5/log_214_2026-3-20-19-15-44_estimator_status_flags_1.csv	59056	f4a86560a2731c8b7efc0d7a3a53d74d95cb55b1a559d0f2bc31a92918b048d7
flydata/new/ego/5/log_214_2026-3-20-19-15-44_event_0.csv	3527	20bc62f342c70e761a4003a54ea45c84320815cd5bf4bddac0018f6c8386133e
flydata/new/ego/5/log_214_2026-3-20-19-15-44_failsafe_flags_0.csv	13525	459910b898f3b5a515aae842b0417a62b957810231502badabfcb2fa0bcda77a
flydata/new/ego/5/log_214_2026-3-20-19-15-44_failure_detector_status_0.csv	3786	bf14b2a727d666f0b6c41ed5a7a37afcb421966840e00e6c2c3f5d6381351d87
flydata/new/ego/5/log_214_2026-3-20-19-15-44_home_position_0.csv	326	a46085e145e4243559a72dbb713ef423f268192bee8d29c521b494d4445e6b54
flydata/new/ego/5/log_214_2026-3-20-19-15-44_hover_thrust_estimate_0.csv	17645	3626f0d9cdb77020c51dfe574c1a657214b792073c96c377840c59d7a039f73e
flydata/new/ego/5/log_214_2026-3-20-19-15-44_input_rc_0.csv	13180	87a0ac5f2e1d783b1ddc23ed863a7fb5825402b9500a78d5dee69594f6083729
flydata/new/ego/5/log_214_2026-3-20-19-15-44_magnetometer_bias_estimate_0.csv	831	63c5b8cb467d298b9fb637ccd6481f27f2bc11e056c34d603dfc2d508f0cd6cb
flydata/new/ego/5/log_214_2026-3-20-19-15-44_manual_control_setpoint_0.csv	21487	60507436fa7c0ebe69ef2dbe10b963d379e5e0bed5819658640c8e5530ba29dd
flydata/new/ego/5/log_214_2026-3-20-19-15-44_manual_control_switches_0.csv	2429	b8426197f44e339ad1898efdf44907cd06580a99aec68b6cfc467e709a2ee0fd
flydata/new/ego/5/log_214_2026-3-20-19-15-44_offboard_control_mode_0.csv	11566	b91a463c36ba820812a38d97f673cdbac0b8008647c50f0faa275e5bb8ae1b72
flydata/new/ego/5/log_214_2026-3-20-19-15-44_parameter_update_0.csv	175	452cac60116984b99bf65b838ad1e5fcb3c549085293ee9a1dc8a8174d031724
flydata/new/ego/5/log_214_2026-3-20-19-15-44_px4io_status_0.csv	15217	be13ec56a695417602fbdd4a60b020a392e3667f06f1fe2ffc45bda94f771dbf
flydata/new/ego/5/log_214_2026-3-20-19-15-44_rate_ctrl_status_0.csv	11992	b917c6c3586be18657597909679b31b35e13f46673be38a28ab376f74e6001d4
flydata/new/ego/5/log_214_2026-3-20-19-15-44_rtl_status_0.csv	597	0bfefaab7af61e1711683f7e6737ca6221dd0b5d9f9ceb0dfdf1ad0f27539289
flydata/new/ego/5/log_214_2026-3-20-19-15-44_rtl_time_estimate_0.csv	337	8c600241865d169e29f78cd239238dd5f4bc0e926ad942f0740dd111f0ff52a1
flydata/new/ego/5/log_214_2026-3-20-19-15-44_sensor_accel_0.csv	3614	fc96c9b50be617b4ce298648e03936e74aac4cb98a1dcb7bf7b5bef42f31b17b
flydata/new/ego/5/log_214_2026-3-20-19-15-44_sensor_accel_1.csv	3876	d6c1095e1f0d731c9c94545a76743b29cec6ca6ee9e0a72bc72282d77a61df26
flydata/new/ego/5/log_214_2026-3-20-19-15-44_sensor_baro_0.csv	2261	cf96e66f96072ab1923adfc7ef759e66a1157afffd1360fa8f60f0ee931c1dff
flydata/new/ego/5/log_214_2026-3-20-19-15-44_sensor_combined_0.csv	1022032	169cd073b5ffd8800d7c0bdfd4cb8df816f4c43375795be57d0780c13ea68eda
flydata/new/ego/5/log_214_2026-3-20-19-15-44_sensor_gyro_0.csv	3719	eceb94e76d58e9b53b7f32e25166716755f5a23c43e51ca9906a0ddcdf26eef8
flydata/new/ego/5/log_214_2026-3-20-19-15-44_sensor_gyro_1.csv	4044	69221d303ea15a601322cc22f4e14d1159a6525fa8bf9b600b42d599b2c61b4c
flydata/new/ego/5/log_214_2026-3-20-19-15-44_sensor_gyro_fft_0.csv	182640	1b634cb46b361120e1baabfd51abe84f22a8d7ef522716a0b4efcca39a2d94d7
flydata/new/ego/5/log_214_2026-3-20-19-15-44_sensor_mag_0.csv	3172	e8e11ed006c3aa4534d9fcde9b61bc38b10e8f7afb8b967c283c4837585a834e
flydata/new/ego/5/log_214_2026-3-20-19-15-44_sensors_status_imu_0.csv	40264	79d35ed8f4470fc0f00e9d0ce64a045868810b1c92bc35772b40b3abb3c3765e
flydata/new/ego/5/log_214_2026-3-20-19-15-44_system_power_0.csv	5880	ad8498c1237d62efd358a8fbeb4cb2d8a7ca522733912e10fcd433e3a7164bee
flydata/new/ego/5/log_214_2026-3-20-19-15-44_takeoff_status_0.csv	193	74a9a2eebb33a1d518ac99571f3118ac4d9b7188a12b116cab4660c010174e6b
flydata/new/ego/5/log_214_2026-3-20-19-15-44_telemetry_status_0.csv	6433	760dfa99ac62b6e2baf7edbe0f33c6d885c30f77e7322b06826c18aec7740d66
flydata/new/ego/5/log_214_2026-3-20-19-15-44_timesync_status_0.csv	3340	1da7a0930867722a84ab77abca1ecd7ee1662fdeda0d27ff2622ff13b2e63492
flydata/new/ego/5/log_214_2026-3-20-19-15-44_trajectory_setpoint_0.csv	20700	166c7764f30118499c519f49902687045d5bbb3ef143d31b64652fb5a98662f1
flydata/new/ego/5/log_214_2026-3-20-19-15-44_vehicle_acceleration_0.csv	50579	714352d3a3e9d00a7f0713f1736a19658d345b3581bba005845bc6bdd76db692
flydata/new/ego/5/log_214_2026-3-20-19-15-44_vehicle_air_data_0.csv	18638	14fa0082abce4f9c6cf2303bfab5385084a966ebeb186c4ed633ea3426f7d142
flydata/new/ego/5/log_214_2026-3-20-19-15-44_vehicle_angular_velocity_0.csv	208764	2241c79e52e96bc6c898317c370db314d7ba657f7ffc045ad495fdad63c5d673
flydata/new/ego/5/log_214_2026-3-20-19-15-44_vehicle_attitude_0.csv	113790	95599565605740e7fcb1a815de851565f243e21eeb7acea1b2e7c5c410f42492
flydata/new/ego/5/log_214_2026-3-20-19-15-44_vehicle_attitude_setpoint_0.csv	107610	ba356cf4377ad03b477b5ffbf8e8e75566006b6e448c9cd94209ecf357d6d38a
flydata/new/ego/5/log_214_2026-3-20-19-15-44_vehicle_command_0.csv	268	a8b6a90c3babd150df0f508de009918548ca35b1a16df8bd3274a4a619d59a16
flydata/new/ego/5/log_214_2026-3-20-19-15-44_vehicle_command_ack_0.csv	350	4fe79e0162e5eceec28d9933797733873d1aa8a8aa368bb18eb57ae4fe56f72b
flydata/new/ego/5/log_214_2026-3-20-19-15-44_vehicle_control_mode_0.csv	4315	65cc7322d07930ad33333bc022a978406b5f008df63a37e2e0a8a0f6ace75426
flydata/new/ego/5/log_214_2026-3-20-19-15-44_vehicle_imu_0.csv	13034	7f7d6b4175864dcaac3ce225444032a5da2ea3e5f5a9c29e0d742a2169fc1139
flydata/new/ego/5/log_214_2026-3-20-19-15-44_vehicle_imu_1.csv	13028	60c5581b9b6cd0224d47a66b6b431c9e37df40ec5951f8fcdd99a68c1366d8c8
flydata/new/ego/5/log_214_2026-3-20-19-15-44_vehicle_imu_status_0.csv	12629	ecb0d1675293ca1df19eecd6d7a42c925a82156b22020d04bccad660fb0a4d35
flydata/new/ego/5/log_214_2026-3-20-19-15-44_vehicle_imu_status_1.csv	13103	b7e55d722657520597bd50f91ac5f37f0ca8d0b738c32bbfd70d72139f755065
flydata/new/ego/5/log_214_2026-3-20-19-15-44_vehicle_land_detected_0.csv	2000	0650c6f041552aeebd008e480b71514e4bd90947168618cf32f6a602ec38b259
flydata/new/ego/5/log_214_2026-3-20-19-15-44_vehicle_local_position_0.csv	183588	9ee2c3577e4dfe57a3631d4ada54a8abd90154029b248951788554acdb09b1d4
flydata/new/ego/5/log_214_2026-3-20-19-15-44_vehicle_local_position_setpoint_0.csv	70047	98e77b7b3777b7cf2d2143180c01563f3fb0c68af8136910feb393f28d3a81e4
flydata/new/ego/5/log_214_2026-3-20-19-15-44_vehicle_magnetometer_0.csv	5991	378c182eded6a242392b59dbe30b66be4fffd465ec7efc203ad8710f5cb4dfad
flydata/new/ego/5/log_214_2026-3-20-19-15-44_vehicle_rates_setpoint_0.csv	154770	f4fffeea69f30fd3942dd7c0ec973bd7e932c0e4b314cbf3a643cdb3ee4e4795
flydata/new/ego/5/log_214_2026-3-20-19-15-44_vehicle_status_0.csv	13294	9c0ea8ad5b800d62c942959e1a4b4ee5aafa80f063164de237581dd79dcca0f5
flydata/new/ego/5/log_214_2026-3-20-19-15-44_vehicle_thrust_setpoint_0.csv	92580	5c4a87802fb2c07315fccd408e95cb4699dc7244dce7ce4baae3cb1692c89577
flydata/new/ego/5/log_214_2026-3-20-19-15-44_vehicle_torque_setpoint_0.csv	136398	dbdb2231cef76fd98aa644b721452e545a1a5d0e47a0afd6a179426ce247994d
flydata/new/ego/6/log_217_2026-3-20-19-33-42.ulg	2024870	105c8b6766e38fd384c5cd9a37479e20675b8b8e930ef5e9bac363f01e47e073
flydata/new/ego/7/log_221_2026-3-20-19-55-04.ulg	2144521	b7382a30b02fe2be41e23f1977a3f84e3b33fd40dab6e9a4e980a7ebb664aee1
flydata/new/ego/9/log_223_2026-3-20-20-07-20.ulg	2079009	45b5b394a9262783b7f8bae4c54b8defb426ef0f5a27d2663a5827185a80366b
flydata/new/full/1/log_238_2026-3-20-21-47-02.ulg	2024225	ea3feed0c00c111bb4e9f7b810fe6e6ebf967517da0fcd68f172de9395b265e5
flydata/new/full/10_new_middle_2_1_none/log_296_2026-4-3-01-01-30.ulg	2147857	28439fd507b801ddc57237092a7dde4c2bec4d11c1db0486f835725fdb0a27ae
flydata/new/full/11_new_middle_2_1_none/log_298_2026-4-3-01-23-52.ulg	1896472	5eb67bce3363050b382010d3d535599c4ea95bc23bf9afe98b6951b552f5c0f3
flydata/new/full/12_new_middle_2_1_none/log_300_2026-4-3-01-29-06.ulg	2016854	e96ec3b16e0274576f723fa38c8ab23c2a1959b8f22e3a47efe607bbbfb375d8
flydata/new/full/13_new_middle_2_1_none/log_301_2026-4-3-01-31-10.ulg	1859111	51e56a2e2cd104e97c4190557bbfe7e69015ed448947639271afc96ecc440db4
flydata/new/full/14_new_middle_2_1_310g/log_305_2026-4-3-01-56-04.ulg	1830657	80cb1d6e7ea74494eaba33be979f76ec41cc3a173ecd7b90cffb2676bb2dfea3
flydata/new/full/15_new_middle_2_1_310g/log_306_2026-4-3-01-58-02.ulg	1956196	0e7245b67b1283781eb857bbd60db01fb26cc0d77c08a608148d49f8e6bb16a8
flydata/new/full/16_new_middle_2_1_310g_dp=0.1/log_307_2026-4-3-02-00-12.ulg	1909817	8758165efd96e078ed953f5d571c9a7ad6b5272a49e569b6d1938261c2c7d1b1
flydata/new/full/17_new_two_2_1_none/log_313_2026-4-3-02-26-32.ulg	1899900	c6b262bf045d39738b99521a06f8d259da65ab2d10f6057d2d5976d9c3c73fb7
flydata/new/full/18_new_two_2_1_none/log_312_2026-4-3-02-21-30.ulg	1845502	acd2da8d94e7f1f5cb7752fbfb9dd5802334b1d02522a9a013b1b8fad63539fa
flydata/new/full/19_new_two_2_1_none/log_316_2026-4-3-02-39-48.ulg	2209225	9d22e597740e451535c664104e51ba221c97605080bb6d4021e1584a00392133
flydata/new/full/2/log_249_2026-4-2-19-58-28.ulg	2002745	b45597594ce5696ce731f241e744df52eff3eacccd3bfd2bae5e8b5770b5a84f
flydata/new/full/20_new_two_2_1_310g/log_320_2026-4-3-02-53-46.ulg	1776965	1213f4ffd60abc9b085aca11b1eed0b9fba847aa4070e0be4aebe59df71edd4d
flydata/new/full/21_new_two_2_1_310g/log_319_2026-4-3-02-51-20.ulg	1966913	135714a3f1876fe82af9ae9f12db06e27ee41dcdc1085f78a3ca44741b560ed2
flydata/new/full/22_new_two_2_1_310g/log_321_2026-4-3-02-55-46.ulg	1868787	7149a21987785723dff82f16a11be7e42929573cdda75518ebcfe5442f72c127
flydata/new/full/3_newdp_onlygo_2_1/log_258_2026-4-2-20-44-38.ulg	1567230	0e16f7ecfc4b8adc4f0fed49977220ca0656b5ea735576f99c7f2a1f0c8687b6
flydata/new/full/4_new_middleob_2_1/log_273_2026-4-2-22-17-50.ulg	1811052	dc40994f1318a0d65c6f1a2f89ca269614090110b73f664a1ab525663a84261e
flydata/new/full/5_new_middle_2_1_172g/log_276_2026-4-2-22-38-22.ulg	1883101	63f6762d4b6ecd26f65ff13e6bee6a2bb6c13b3e84e2db0b4de9fe239085fd3b
flydata/new/full/6_new_middle_2_1_219g/log_279_2026-4-2-23-01-04.ulg	1762452	d3c43af9ac3d530df2e1886846188e5da3d91f1dce616123554e2958eae03a70
flydata/new/full/7_new_middle_2_1_219g/log_284_2026-4-2-23-24-40.ulg	1911881	8dfa5bc3fd965118eea09868d3e571e61abd715b6249c9810c7b17caa5c1c850
flydata/new/full/8_new_middle_2_1_219g/log_285_2026-4-2-23-38-14.ulg	1905787	46ea77695bfcbbbd2e14f94b914d364c9aa8aceddd1a67d0ea1028a72392f8bf
flydata/new/full/9_new_middle_2_1_219g/log_294_2026-4-3-00-10-20.ulg	1767144	c0fefcb44ba0a6e57d4da661009a94576973b150407732fc589d95d3daf24dca
flydata/new/only_dp/1/arming_time_20260318_220634.csv	39	105c058d7343127c46dfaa2a4f79e1f32ba2bb6ce7b5ccf75ea4f711e4f06fb8
flydata/new/only_dp/1/bspline_dna_20260318_220530.csv	6452	4d35a598db94aee8ef15bae6b21ec1bb48cac4ef53e99c5588f07f3cf7ef2884
flydata/new/only_dp/1/log_194_2026-3-16-04-43-42.ulg	1900439	53ae6fe40da2452d1675a451e56458ce4138b1d57c5913656022ba791a212dc9
flydata/new/only_dp/1/log_194_2026-3-16-04-43-42_battery_status_0.csv	50012	342d736466506ef59836e534aeccf8b8d468c981506759f30216d4bdd6ebdbbd
flydata/new/only_dp/1/log_194_2026-3-16-04-43-42_vehicle_local_position_0.csv	175797	9c865207af446f9ecc17f65fba472e59f1314d587e4eac39009971f0f6204665
flydata/new/only_dp/10/log_222_2026-3-20-20-05-00.ulg	1984987	0cc06e7f1c00367ce354a74acc9734a80040b28eccee17ca7ca6bb43bbafe493
flydata/new/only_dp/11/log_225_2026-3-20-20-21-26.ulg	1982304	0f176da98e5bda8b5211b263b87ca8d6db914284aa62476cca6acac22cda48b0
flydata/new/only_dp/12/log_233_2026-3-20-21-24-40.ulg	1917077	a403da46999831c28dcf7e0738fac97d8c134e9677af36c8e8a324d66ebd31c4
flydata/new/only_dp/13/log_241_2026-3-20-22-02-08.ulg	1882935	3ac93bf541a9b77a33c40d901ae7282678a300303ad21e77d94a0562279f7030
flydata/new/only_dp/14/log_252_2026-4-2-20-12-08.ulg	2052674	20d083245afd61eb1db05d612fc7bc4d475e38012c14f83549120ceab84a6041
flydata/new/only_dp/15_new_maxv1.5_maxa1/log_256_2026-4-2-20-35-58.ulg	2086798	dc38aaa3f93a0e029c4a36e39d6f585a06d0fb174a082e521839efe6516a30fc
flydata/new/only_dp/16_newdp_maxv2_maxa1/log_257_2026-4-2-20-40-24.ulg	2020736	1733aa9aeaf0c2548fedba9ed755d7e77b50f62f12d860df3df1568f4e27336c
flydata/new/only_dp/17_L_2_1/log_260_2026-4-2-21-12-52.ulg	2139383	6944921fd962b2c69c8c6863f5a32f9059d5c6d417fadeb685c82d85c0bb616b
flydata/new/only_dp/18_middleob_2_1/log_265_2026-4-2-21-36-34.ulg	2013451	6fcbf981934a1f3764a7c092a6c70afaaa684a1ea44afe1d67e17b4386578c7f
flydata/new/only_dp/19_new_middleob_2_1/log_266_2026-4-2-21-46-38.ulg	1809878	d84c0ccf1ada8b799079f6627d7dc5fae5de4f99798d72363887114445a5b801
flydata/new/only_dp/2/arming_time_20260320_180738.csv	39	1c6fa077ce33a437ebd10884e80728995f50a1013d54a51ea3ed19cd2a5d3a56
flydata/new/only_dp/2/bspline_dna_20260318_221001.csv	6226	76e3b5771c46a207cae04431779d8a00d65f46cc59df4ebc0f95b2818a87e455
flydata/new/only_dp/2/log_204_2026-3-20-17-29-32.ulg	2010517	22cbd8a0f987416b0533146bd1911aad6858069ca29b80ba33f503379215afd5
flydata/new/only_dp/2/log_204_2026-3-20-17-29-32_action_request_0.csv	46	d92ebea5e1fe081ad01c55cec3493c29550bfb9f13d9db596d4a3423874e3704
flydata/new/only_dp/2/log_204_2026-3-20-17-29-32_actuator_armed_0.csv	2451	49f3fc92dbe9242b75608bfdc8ae31b4268994e78e97c25225ce89f39fb1e2ff
flydata/new/only_dp/2/log_204_2026-3-20-17-29-32_actuator_motors_0.csv	45619	f88b1bba94e794182691c39b7ef08723ecdb4f12811ed32def042b7432d610b6
flydata/new/only_dp/2/log_204_2026-3-20-17-29-32_actuator_outputs_0.csv	41214	c5036082b34e222f5f134dfbd39d65f7ffc2284397d99897683554ea0c3ad56a
flydata/new/only_dp/2/log_204_2026-3-20-17-29-32_battery_status_0.csv	51734	daafed06b10d45b82f0dc48cb37057ab203f4583b2dbd4c26a0cfedb7b4035a0
flydata/new/only_dp/2/log_204_2026-3-20-17-29-32_config_overrides_0.csv	2085	e2742d37740dc8235dc9a975543b55bb2cfb50e4f1351f0715db65f710cef666
flydata/new/only_dp/2/log_204_2026-3-20-17-29-32_control_allocator_status_0.csv	25122	a2e2727501bd0c8ac8b13ede8bb0c623e090fb6c77a486c9e623a74cdb151d28
flydata/new/only_dp/2/log_204_2026-3-20-17-29-32_cpuload_0.csv	2936	95f513c8a31f384976797b28e95f4089876ca84f452f814629ec4d0c5aaba975
flydata/new/only_dp/2/log_204_2026-3-20-17-29-32_estimator_attitude_0.csv	11055	a9866a935a1db3f01f2376f2e9f8d0f169c7993b89526f9f8ccbbe29088eb1e8
flydata/new/only_dp/2/log_204_2026-3-20-17-29-32_estimator_attitude_1.csv	11193	816a35a73bcb1aebaf9df998e419ed7efe000e78472083084bbd045db6ec4d62
flydata/new/only_dp/2/log_204_2026-3-20-17-29-32_estimator_baro_bias_0.csv	7799	0561ff5f38bd9fa9baebee9bd19516b5443033157a81dc3d55758281cb029386
flydata/new/only_dp/2/log_204_2026-3-20-17-29-32_estimator_baro_bias_1.csv	7811	e0159fd34a258a1c632f94e42c91d35cd39d7468b0892a5cd93a49ed204003b1
flydata/new/only_dp/2/log_204_2026-3-20-17-29-32_estimator_event_flags_0.csv	4699	b0371c957c306368a4b63e6db2beb85f27ecaef9b988aec534c2c7c3e67a9afd
flydata/new/only_dp/2/log_204_2026-3-20-17-29-32_estimator_event_flags_1.csv	4699	1da3b522e4e94cf86659962f2399246b7a303ae6b9b505b21cd5b182d34adc16
flydata/new/only_dp/2/log_204_2026-3-20-17-29-32_estimator_innovation_test_ratios_0.csv	22986	83bc161ee38bbd4e85cd6cbb2a3b5444bebf2187824479d3be1467d3044895f3
flydata/new/only_dp/2/log_204_2026-3-20-17-29-32_estimator_innovation_test_ratios_1.csv	22917	8a2a9ef8ee58c2acd8e677739b3c0b5f7bc88e44523de29f7d43288b20f01f8a
flydata/new/only_dp/2/log_204_2026-3-20-17-29-32_estimator_innovation_variances_0.csv	23907	60c0626f15803aa7053a095012bdf07ad499ab435cff2181980256fa3972e3eb
flydata/new/only_dp/2/log_204_2026-3-20-17-29-32_estimator_innovation_variances_1.csv	23738	e37953364ea675a128cf47a667005c2c3c53d23cc9d8434a7558320ea910410a
flydata/new/only_dp/2/log_204_2026-3-20-17-29-32_estimator_innovations_0.csv	22869	ff3781b2d8165a18ce1656902032e45e902419fa5b6c1e0ea003536351703654
flydata/new/only_dp/2/log_204_2026-3-20-17-29-32_estimator_innovations_1.csv	22867	6d6f649cea9e2caa0025b7781a881a5dd89173932800982be65c7918802f7a31
flydata/new/only_dp/2/log_204_2026-3-20-17-29-32_estimator_local_position_0.csv	35238	94a46ca173a201814d064057f9451d7a74fdb8c6f469f400d0cded19edc839e7
flydata/new/only_dp/2/log_204_2026-3-20-17-29-32_estimator_local_position_1.csv	35592	190c6520eb374349acf60cae127b7b5079592631154b557597a19ea1cebf6b6b
flydata/new/only_dp/2/log_204_2026-3-20-17-29-32_estimator_selector_status_0.csv	10148	468afbd84850685421a8c1a1244aa02c71f6238e83df2eb226f21230372af4e1
flydata/new/only_dp/2/log_204_2026-3-20-17-29-32_estimator_sensor_bias_0.csv	61446	f0c5105d4ea5bf4a20f0defb50670766192c9ee1e619fad88a483a45e1858168
flydata/new/only_dp/2/log_204_2026-3-20-17-29-32_estimator_sensor_bias_1.csv	56933	24ef501badc743c396f0946eab0399bcf3b347ae9774c5a710826d504e6c01d5
flydata/new/only_dp/2/log_204_2026-3-20-17-29-32_estimator_states_0.csv	27712	d82ad669efedf8d055881b95afa4d9771ec707b82caeb7c770b90588b3fcf148
flydata/new/only_dp/2/log_204_2026-3-20-17-29-32_estimator_states_1.csv	27529	e51684dcc0c3279d2dfccc5f5394bc8ad4c6138d9e989e7132201394c7cfd136
flydata/new/only_dp/2/log_204_2026-3-20-17-29-32_estimator_status_0.csv	58589	156a029056bf7a4c58221369a97295ffd250ac7b0338fdc75a1692af7f388b4f
flydata/new/only_dp/2/log_204_2026-3-20-17-29-32_estimator_status_1.csv	57469	4f9f8a5f5938e8ec1e9ca14a1fd3c138cc99da3d8ec89c410a1649140b21520c
flydata/new/only_dp/2/log_204_2026-3-20-17-29-32_estimator_status_flags_0.csv	57046	631c71a7853e816454d268cd9b3b8cd9ad0250ddfbff98a80ee6338bd1a8abaf
flydata/new/only_dp/2/log_204_2026-3-20-17-29-32_estimator_status_flags_1.csv	57199	f751f8099207b2c34a197a6b4710c48ba7bcecdf271507ed4fcb6067c73ed8fa
flydata/new/only_dp/2/log_204_2026-3-20-17-29-32_event_0.csv	3549	42d0694763f1a4fe278da5c93554113dd37f538229570d1b9ada769ec072cfff
flydata/new/only_dp/2/log_204_2026-3-20-17-29-32_failsafe_flags_0.csv	13041	4807c83868ccaa40473a4c73d23cd8f48c5e4d684d4305eeb49437954f81bb39
flydata/new/only_dp/2/log_204_2026-3-20-17-29-32_failure_detector_status_0.csv	3794	550921d35b7ce4bf7eb9c16ad93511c091714e3b0e8952b118ed526e1b81fe96
flydata/new/only_dp/2/log_204_2026-3-20-17-29-32_home_position_0.csv	335	06075fe81b1b6065d79cf7d56252ada72820b89783759ae3bf2f5dca162fe751
flydata/new/only_dp/2/log_204_2026-3-20-17-29-32_hover_thrust_estimate_0.csv	23095	60f5b8129ce8d928daac5101feb976efd147670325219e8f6fda3ffb2338596c
flydata/new/only_dp/2/log_204_2026-3-20-17-29-32_input_rc_0.csv	12822	50c99ab0e3c67aa914155e6eb74ca83f2d832ca4aaf9ac1a6fe83d6eca26dfa0
flydata/new/only_dp/2/log_204_2026-3-20-17-29-32_magnetometer_bias_estimate_0.csv	413	1b6bed5126167a4c6316c596b80be7c46e76a7259014220f060d8b3b44b0e5f0
flydata/new/only_dp/2/log_204_2026-3-20-17-29-32_manual_control_setpoint_0.csv	21375	8dd92028f1ca4232b41c3bb3fd4298abc914c9e289e41c93166da5b1ada999c7
flydata/new/only_dp/2/log_204_2026-3-20-17-29-32_manual_control_switches_0.csv	2427	0e3abf793d87b490085b7a10d7a136d966401c1ed8c0e9b4c8ee5b1ea0755f73
flydata/new/only_dp/2/log_204_2026-3-20-17-29-32_offboard_control_mode_0.csv	11619	f2134ea97a364a473e18842352bc64ec662b72b39aa8d30fc003d0fba090c172
flydata/new/only_dp/2/log_204_2026-3-20-17-29-32_px4io_status_0.csv	14994	97df1b3299452f6967ddd8a8c11f16e11e32cf4f4882533f5d9bbbf1ac5c8328
flydata/new/only_dp/2/log_204_2026-3-20-17-29-32_rate_ctrl_status_0.csv	11757	2de584218d887de4fe922e7da20805d3d90b18a283b1209854e06d13b27e0caa
flydata/new/only_dp/2/log_204_2026-3-20-17-29-32_rtl_status_0.csv	620	7f025b69833e1dcbb4231c09ef9d787f05a1e5d460f3392aa5926dc25ef34bfb
flydata/new/only_dp/2/log_204_2026-3-20-17-29-32_rtl_time_estimate_0.csv	325	47890d8580a9062a4ececbc232cde17f1de142de3a7ed8e5196299a31d06973b
flydata/new/only_dp/2/log_204_2026-3-20-17-29-32_sensor_accel_0.csv	3645	c326124717c968b64e91248d449b1d13e4a02f4ad4d97e8e757d57e31273b4e5
flydata/new/only_dp/2/log_204_2026-3-20-17-29-32_sensor_accel_1.csv	3894	90b1f39afd8e1fad23e77c3ddf968d8e86c9204f91c8b1e035c2dbc0820322a9
flydata/new/only_dp/2/log_204_2026-3-20-17-29-32_sensor_baro_0.csv	2292	237a7a30a5a7216c71d87d3196fa90120eb5c79c57db2ecc328f5efab3d70457
flydata/new/only_dp/2/log_204_2026-3-20-17-29-32_sensor_combined_0.csv	997281	f3c50a41b859634d965716ae05a5706417e55201e3aa4283b93ad45efb0c4c9b
flydata/new/only_dp/2/log_204_2026-3-20-17-29-32_sensor_gyro_0.csv	3747	7963f91984703bdfffe1fd6a96a3ba3f24f7f0ac8f5c72d6837e14297518cdc4
flydata/new/only_dp/2/log_204_2026-3-20-17-29-32_sensor_gyro_1.csv	4052	9fd31c1a857e81373e4a1dc61bb3161c642b5feee3e22da2a614aed16fb94990
flydata/new/only_dp/2/log_204_2026-3-20-17-29-32_sensor_gyro_fft_0.csv	173770	810e33178adcead561da8e653ca6cc17b2544773742f1595a137eba9e77c603d
flydata/new/only_dp/2/log_204_2026-3-20-17-29-32_sensor_mag_0.csv	3230	76aa6ac1dfdb2734193b4cd9e6201a611526f120dee125c1585d663da4f2f8ad
flydata/new/only_dp/2/log_204_2026-3-20-17-29-32_sensor_selection_0.csv	67	eb41f3abc1a14d89c69109033140f2017a7ff24971c8b87266a70e3ce45b7d06
flydata/new/only_dp/2/log_204_2026-3-20-17-29-32_sensors_status_imu_0.csv	38877	19c3b4501f8e2351fca9be0c1c541246d0a190c561be610c29f00abd8356eb27
flydata/new/only_dp/2/log_204_2026-3-20-17-29-32_system_power_0.csv	5793	eb45968f00ad735c5deab80063c49059b129488d74ba10a502314043f2edf326
flydata/new/only_dp/2/log_204_2026-3-20-17-29-32_takeoff_status_0.csv	200	99b229db59c8a78cb30a1639a1cc7e77797a98ec7292f7804a4548a191b331ed
flydata/new/only_dp/2/log_204_2026-3-20-17-29-32_telemetry_status_0.csv	6399	52375d3921cab0709bf9fe855375ff20f7226862314436773351ec8784fbc98d
flydata/new/only_dp/2/log_204_2026-3-20-17-29-32_timesync_status_0.csv	3317	7cd795987d8535e2580510a0c8500cf2324c3ae8faf4d34da28f0a250e721f42
flydata/new/only_dp/2/log_204_2026-3-20-17-29-32_trajectory_setpoint_0.csv	20560	33340e6425479141f29c8af683bea42f917239fc7dae2e2ac79def4f136e2bc8
flydata/new/only_dp/2/log_204_2026-3-20-17-29-32_vehicle_acceleration_0.csv	50751	5f6644a5f2fd9eed1fda74481b2d1562dc4957de99e8e6fe4b5ce2af0f618a66
flydata/new/only_dp/2/log_204_2026-3-20-17-29-32_vehicle_air_data_0.csv	18259	1ea6833cd67b213b5f082f012c295eaac58030f696c8f4ee68e33b0ef7645302
flydata/new/only_dp/2/log_204_2026-3-20-17-29-32_vehicle_angular_velocity_0.csv	205959	07f74011fa6c6a6ae5736118306b26f43b4d4ea8a04372f1d336e27e3dfe3fd9
flydata/new/only_dp/2/log_204_2026-3-20-17-29-32_vehicle_attitude_0.csv	107554	3cdf2689a5cc6dbbbba3a88302c1313a7b9edd5871d3844faebb9d43efb83f5a
flydata/new/only_dp/2/log_204_2026-3-20-17-29-32_vehicle_attitude_setpoint_0.csv	104595	580029bf7a3d352192580066ed864edab58d3150d123849b919f3c95d4c3c549
flydata/new/only_dp/2/log_204_2026-3-20-17-29-32_vehicle_command_0.csv	268	b29c61b06af971df9b8385c23061d6fc3f96e9f432ddf403eafa0ea8ffe172bb
flydata/new/only_dp/2/log_204_2026-3-20-17-29-32_vehicle_command_ack_0.csv	355	0c5cc32b4feef16de27784944c30ee3197618fe59678904697d8c531c13d006f
flydata/new/only_dp/2/log_204_2026-3-20-17-29-32_vehicle_constraints_0.csv	63	5556c5a8417c6b69de73deefbfc74a64f045d8b19d6d7b2cf259798b6e7ba2fe
flydata/new/only_dp/2/log_204_2026-3-20-17-29-32_vehicle_control_mode_0.csv	4288	07c21858ab43e182affce47387a9a0dd65050782d237e5cde76facd1e306b025
flydata/new/only_dp/2/log_204_2026-3-20-17-29-32_vehicle_imu_0.csv	12817	7d64665ee32ffbc36ad6dc61d063e86d03046f5199a2dbe3c318202991da00d2
flydata/new/only_dp/2/log_204_2026-3-20-17-29-32_vehicle_imu_1.csv	12809	84816fc7c47a177b8ff483496680febf08c4cb0da458beb8dbfccad664bc52eb
flydata/new/only_dp/2/log_204_2026-3-20-17-29-32_vehicle_imu_status_0.csv	12449	da3fa675c40c024c550efbb7c09a7f79f5cf3cc59f3977637b6675eda17bb346
flydata/new/only_dp/2/log_204_2026-3-20-17-29-32_vehicle_imu_status_1.csv	12840	712c16894a826c8f7ff7b9d476d0cb69a91071efedf4814cbc5ddabb1ed7c0ee
flydata/new/only_dp/2/log_204_2026-3-20-17-29-32_vehicle_land_detected_0.csv	2017	f0040514e7223fd9c660d99a5420d6b4c23fc3702f3eb3cf1a8c8e0996d86b08
flydata/new/only_dp/2/log_204_2026-3-20-17-29-32_vehicle_local_position_0.csv	182279	dd3cf6700aabed0ee48c5b6c64c501367c6eaf2e3dd32277da38d6d95c1a7aec
flydata/new/only_dp/2/log_204_2026-3-20-17-29-32_vehicle_local_position_setpoint_0.csv	68089	83ffce82290cfa149f8e30fba42a024db1aeb4be4b555cdb5e99a22bd96940b6
flydata/new/only_dp/2/log_204_2026-3-20-17-29-32_vehicle_magnetometer_0.csv	6071	648815120da3962e86bce852a711d8e82ba6436cf11411f2772957770c8b1275
flydata/new/only_dp/2/log_204_2026-3-20-17-29-32_vehicle_rates_setpoint_0.csv	151729	e67ece1dcdeb0690b0c54a2aa6c9e5064e089dea8056dbb26adb42b7d5b0fcd3
flydata/new/only_dp/2/log_204_2026-3-20-17-29-32_vehicle_status_0.csv	13193	00dfc3bc31c4987cdbe6151fe6ca4c458f6ae19e0113069551960dc19bd84f79
flydata/new/only_dp/2/log_204_2026-3-20-17-29-32_vehicle_thrust_setpoint_0.csv	93989	63f13523dcfa8a2a5c09666275686ddd0c8be4d56d58f6d4339abd24a49fe602
flydata/new/only_dp/2/log_204_2026-3-20-17-29-32_vehicle_torque_setpoint_0.csv	136499	f8ce3fe22733b5a7fac97e4e454540b6d05f7fcd4d7e8f5125b759c99784ee3d
flydata/new/only_dp/20_new_middleob_2_1_0.101kg/log_271_2026-4-2-22-11-24.ulg	1784050	a7dc0cc8e94f557fd820c3e93055398c4bb75a1c0ff6e95f8855afaa98699d0f
flydata/new/only_dp/21_new_middle_2_1_172g/log_278_2026-4-2-22-46-18.ulg	1859781	aa4c960d990dcf1fee5244a80a6fc6038379b4ccacefb1baba2470c635e9609a
flydata/new/only_dp/22_new_middle_2_1_219g/log_283_2026-4-2-23-20-14.ulg	1849910	2932b4603c09de820a87b845d8882c30e1f5b45c6d9f03dc93fb3a9a5631cb46
flydata/new/only_dp/23_new_middle_2_1_219g/log_291_2026-4-3-00-01-48.ulg	1799957	8b9f7aa6eab11171a0973cfd46d3fcae4bd7b911a059a894371542c214043e36
flydata/new/only_dp/24_new_middle_2_1_219g/log_292_2026-4-3-00-03-32.ulg	1686102	3fdf66019756f92d49f997431d1b916b9f5d66e04170b3448a7547a258e79bb5
flydata/new/only_dp/25_new_middle_2_1_none/log_304_2026-4-3-01-48-12.ulg	1813285	5b1f6f7d1b3e97839d4a7338159efe36efb113181f9a07bc36d7ad94c4eba78f
flydata/new/only_dp/26_new_two_2_1_310g/log_326_2026-4-3-03-11-28.ulg	1999178	214177800e38451d6ef02f7f2a0968e3c07f9ea4e2c03cd6c52976517113971b
flydata/new/only_dp/3/arming_time_20260320_193535.csv	39	d963ba893c6abef85cd3456cf45ae734e889a808af2dc2b8ab65da7db6089829
flydata/new/only_dp/3/log_207_2026-3-20-17-59-02.ulg	1837074	bbb61e4865c259e4be04ceeec369ed441cde1f25eaf77a307234c0fdb08bf549
flydata/new/only_dp/3/log_207_2026-3-20-17-59-02_actuator_armed_0.csv	2227	9abfab58856d0df08bcdcda1dbced5804181933b461b3ebc410e2b69f3e4f945
flydata/new/only_dp/3/log_207_2026-3-20-17-59-02_actuator_motors_0.csv	41760	6051b3c5528e4d773bace672d895a7034a34de1edc969a54d624802e9187fe90
flydata/new/only_dp/3/log_207_2026-3-20-17-59-02_actuator_outputs_0.csv	37654	7bb264d7d8398adbbef8a7103692db774eb7f30fe2b62bfbadaa59add80b7656
flydata/new/only_dp/3/log_207_2026-3-20-17-59-02_battery_status_0.csv	46848	a7264f9f796c5a4659e4b8c6e38dfbb16cb28a7276de60ac991fbc13bcd68bb6
flydata/new/only_dp/3/log_207_2026-3-20-17-59-02_config_overrides_0.csv	1921	2b733801c05fa0e417bde15157a1d658a428ff7c5f8593fb915e18d962e7d312
flydata/new/only_dp/3/log_207_2026-3-20-17-59-02_control_allocator_status_0.csv	22975	d810ad306515ef89ad9ef4e2317c70e4ac197bb4e7c5eb5060136e01e4d194fc
flydata/new/only_dp/3/log_207_2026-3-20-17-59-02_cpuload_0.csv	2806	18148db61f6344ec6a2564ddfff6368622c622a0e41dc09c856c411ad47cc6ed
flydata/new/only_dp/3/log_207_2026-3-20-17-59-02_estimator_attitude_0.csv	10004	1fdc121040f8677133b5007a50e3358c625c9ac3e9c0d9b33d9162afa7ef729a
flydata/new/only_dp/3/log_207_2026-3-20-17-59-02_estimator_attitude_1.csv	10267	eb6495e08966df753a2ccde0ab3afb7207ef983a88bbc3d7a2f87f023b49555b
flydata/new/only_dp/3/log_207_2026-3-20-17-59-02_estimator_baro_bias_0.csv	7161	300a6210e56c4cb3ed9d176d0c72ba61f75fe06fb82fff90d73280d554a073d6
flydata/new/only_dp/3/log_207_2026-3-20-17-59-02_estimator_baro_bias_1.csv	7171	d057186f02ef477620c45d84578457baffc16ebdc48f86b19bf6474cdd672456
flydata/new/only_dp/3/log_207_2026-3-20-17-59-02_estimator_event_flags_0.csv	4317	d184feb16c7f57355dae5a9ec21c3b8f7bfe17818e92b5392121f3660d371211
flydata/new/only_dp/3/log_207_2026-3-20-17-59-02_estimator_event_flags_1.csv	4233	ff52cdb5eca9e7e604dee4fe7f62e3ddd9d9b40b0aba3d866a6c7d3219ad451c
flydata/new/only_dp/3/log_207_2026-3-20-17-59-02_estimator_innovation_test_ratios_0.csv	21019	d219a5429122985441b916b261db3863581913e779c1ffc0f47bb859cef78e83
flydata/new/only_dp/3/log_207_2026-3-20-17-59-02_estimator_innovation_test_ratios_1.csv	20981	0c3f01a0af525a9ee4e4eb0ffb1d4ddda018324cea5782bb64678ee54924ddff
flydata/new/only_dp/3/log_207_2026-3-20-17-59-02_estimator_innovation_variances_0.csv	21747	94b035137d5a6e14a7965faa42f797b83f06d28027dc1d1270ff4757c2e31de3
flydata/new/only_dp/3/log_207_2026-3-20-17-59-02_estimator_innovation_variances_1.csv	21697	807beeb84dc3e3540e55603cb4f8307f1807eb2100cfd5b38a4d55d92dc8fb21
flydata/new/only_dp/3/log_207_2026-3-20-17-59-02_estimator_innovations_0.csv	20885	aa7d39adf8949f2f8ca248406ba58ed8f9e6430fbc497aa3f7ced17626ddae1a
flydata/new/only_dp/3/log_207_2026-3-20-17-59-02_estimator_innovations_1.csv	20857	fcddd75fea484ac9baa14204a552ba7d4ea8fee5e93ba76aff0fa94a1f0d5e91
flydata/new/only_dp/3/log_207_2026-3-20-17-59-02_estimator_local_position_0.csv	32516	b082ef6dbea32e66276ccefa56fe0d2dae1ecb29a3a211f9231d67787297c8ad
flydata/new/only_dp/3/log_207_2026-3-20-17-59-02_estimator_local_position_1.csv	32469	75ab6b4be010baada92772b6c43c2a70e736aa391111121f0b5751f32efe93fc
flydata/new/only_dp/3/log_207_2026-3-20-17-59-02_estimator_selector_status_0.csv	9216	f788671c08d6108e42416944ff82202a6a341b1b0fce85e8d0aa43cb0c6a214a
flydata/new/only_dp/3/log_207_2026-3-20-17-59-02_estimator_sensor_bias_0.csv	55971	c904c69a97abbaa96e6bc21edb0932b61b34dbd96c06b4bd1ff8dd2fc88dc0e8
flydata/new/only_dp/3/log_207_2026-3-20-17-59-02_estimator_sensor_bias_1.csv	66781	b58c19acacdc5db2687c0c4a4939eb4efde526cc5f6efc257bb9b26060ba974a
flydata/new/only_dp/3/log_207_2026-3-20-17-59-02_estimator_states_0.csv	25272	d0508dd040c68af0a4890033947a616b8ca38436148c48e81eae816361b7c8e3
flydata/new/only_dp/3/log_207_2026-3-20-17-59-02_estimator_states_1.csv	25182	fbb6761becee27c13715bb2e74aa0d86019b9cec9a3029ca401945a9a14927bf
flydata/new/only_dp/3/log_207_2026-3-20-17-59-02_estimator_status_0.csv	53369	5a90c3e882cf3c643e4dbae7dc334835200782063ca40714111450c262ff58b9
flydata/new/only_dp/3/log_207_2026-3-20-17-59-02_estimator_status_1.csv	52397	be6e7602720b16aee8c6dd3058e918297b7ae915601ccd96330c50d359bdcd0e
flydata/new/only_dp/3/log_207_2026-3-20-17-59-02_estimator_status_flags_0.csv	40570	b6b2684bbec4ed7dc67e8da61a134dc338e7ad4c9f64c4c18fbabc4b3afb9706
flydata/new/only_dp/3/log_207_2026-3-20-17-59-02_estimator_status_flags_1.csv	40827	6ad23c8ca485ae7374d7b5b6e360d7668f3a6d863ae38891bb45ca3c941a2429
flydata/new/only_dp/3/log_207_2026-3-20-17-59-02_event_0.csv	3727	46b440d5641582ffeb2a9c79a637e5694e182707e16464d70a4e6fbdfa884771
flydata/new/only_dp/3/log_207_2026-3-20-17-59-02_failsafe_flags_0.csv	12184	780b5d4509cc920c0ad786be6e6d0ddae9a6ec9513451157b0838f0df5e4f82f
flydata/new/only_dp/3/log_207_2026-3-20-17-59-02_failure_detector_status_0.csv	3456	eaf391e73ce08803d70316631e0f9464e2f2f21f6ad2553c9b50f0d7c4da2f6e
flydata/new/only_dp/3/log_207_2026-3-20-17-59-02_home_position_0.csv	335	97696022c051224931b64c2ed86e650b860f8835f4e40f4e557af61910ae6ed7
flydata/new/only_dp/3/log_207_2026-3-20-17-59-02_hover_thrust_estimate_0.csv	14654	ea6271180e8693ff2d44e22470e9fc87539ebfea130b2854177797d69f908f30
flydata/new/only_dp/3/log_207_2026-3-20-17-59-02_input_rc_0.csv	11726	5bb656bc065c56f78bab31f096d6231d5a8ddbbc32f572998c2cee7632552e8b
flydata/new/only_dp/3/log_207_2026-3-20-17-59-02_magnetometer_bias_estimate_0.csv	514	c44dfa833c5613a04fb82410c6d05d7ac670ff3cfb7d39ca5075f217a6ffd0a4
flydata/new/only_dp/3/log_207_2026-3-20-17-59-02_manual_control_setpoint_0.csv	19539	fd9d9d9b63c0b3a15bbc1f0c4f32eaa57dce7ae3ed1deb9f883d98dd980bc607
flydata/new/only_dp/3/log_207_2026-3-20-17-59-02_manual_control_switches_0.csv	2285	a8a4df49d719d3be55de6336b6d2413a70ed6c530b61ecd466280b2055247e93
flydata/new/only_dp/3/log_207_2026-3-20-17-59-02_offboard_control_mode_0.csv	10619	43718a4af56477a11e5f82e7801e6e552ccfd1c9cd89c84d9dba4d2c6a7024c0
flydata/new/only_dp/3/log_207_2026-3-20-17-59-02_parameter_update_0.csv	135	0213aa561999557732b95e0884aa9c9bd00831e7a1b11f01dabbc2355c3a8aaa
flydata/new/only_dp/3/log_207_2026-3-20-17-59-02_px4io_status_0.csv	13492	4a07581bde73193d67338ebc905bd3652f110f077708a7ad2b8bf2bcdc9c31da
flydata/new/only_dp/3/log_207_2026-3-20-17-59-02_rate_ctrl_status_0.csv	10455	97e915472dee37f75a1051e89d84a9e655b9c72945ca1bae5aecef98ba5a3969
flydata/new/only_dp/3/log_207_2026-3-20-17-59-02_rtl_status_0.csv	551	55770956033d719bdb89727c9c8eb196a3c90d036d4084ef24bfd414f80bb1f4
flydata/new/only_dp/3/log_207_2026-3-20-17-59-02_rtl_time_estimate_0.csv	313	72a3dd56302ae5f8bf79c89a2dc8393a1792717230b08b02b69a8f78e4790642
flydata/new/only_dp/3/log_207_2026-3-20-17-59-02_sensor_accel_0.csv	3342	2128ba5b12ea4cadd791036695b30572fa7c49f12993a70ea39b1e2c3fb498b9
flydata/new/only_dp/3/log_207_2026-3-20-17-59-02_sensor_accel_1.csv	3563	26560c2d97225ac60f7f8ef574dda269699c35bbebad8051c19d8337f842e2b7
flydata/new/only_dp/3/log_207_2026-3-20-17-59-02_sensor_baro_0.csv	2069	6ed583a1ff0212c0f255fe9f1739ca316fd6b4460bc583295a5f678b83f79b19
flydata/new/only_dp/3/log_207_2026-3-20-17-59-02_sensor_combined_0.csv	913426	2aacb6ffcfe40c076028000c47c229a9c229b53b1ddbf3852ab64add782f9238
flydata/new/only_dp/3/log_207_2026-3-20-17-59-02_sensor_gyro_0.csv	3451	cf73a5a377748045a4f58aebd29e75421299a1342580035afa1306ef67d4a716
flydata/new/only_dp/3/log_207_2026-3-20-17-59-02_sensor_gyro_1.csv	3714	4b3e32f918b2d45d323df34b5c542b0edf17e4bf8284d88177f30e5b174c0741
flydata/new/only_dp/3/log_207_2026-3-20-17-59-02_sensor_gyro_fft_0.csv	162904	539886344b5672f8553e3d7ca2ff9b9ea1d4e303528d39846d96f6e6a41c8f2f
flydata/new/only_dp/3/log_207_2026-3-20-17-59-02_sensor_mag_0.csv	2964	6483715f80ffdc7cdd3f15e5b4f57698a3c22f2917e8d465a54387027a0bb584
flydata/new/only_dp/3/log_207_2026-3-20-17-59-02_sensors_status_imu_0.csv	35556	d4f9a82e9ee8dc2062b52b9ee633fe3fff8f9592cfa0b3a3b60cc1dae53e82e1
flydata/new/only_dp/3/log_207_2026-3-20-17-59-02_system_power_0.csv	5248	aac79143bf5666ae0db3f5aa2ae51bb5bef162edb50089047f1c329b31ef0bdb
flydata/new/only_dp/3/log_207_2026-3-20-17-59-02_takeoff_status_0.csv	225	75cddcb948b8b6e1d6304e1f1d1713f33280bce41aa4740529548f7271075614
flydata/new/only_dp/3/log_207_2026-3-20-17-59-02_telemetry_status_0.csv	5918	58fa302be250887a09bc167f65d4ef47e11040eae5fc011c860ca10f66b44d55
flydata/new/only_dp/3/log_207_2026-3-20-17-59-02_timesync_status_0.csv	3035	8b490c789bdb5fd45bc7336ea337467e0504d4c6a7963a0704326223bdfbef29
flydata/new/only_dp/3/log_207_2026-3-20-17-59-02_trajectory_setpoint_0.csv	18273	a64fcc0cbf35e8f65fb164b3da888db2c5f154fcabd415a3a00edf051070219d
flydata/new/only_dp/3/log_207_2026-3-20-17-59-02_vehicle_acceleration_0.csv	46366	c811300df655c89eac1be9bd5d2db77ad8d5c650f1b8c48d5e7c99a9f90adae5
flydata/new/only_dp/3/log_207_2026-3-20-17-59-02_vehicle_air_data_0.csv	16709	f3f4ad64d9343ddae6e4419554aff1492fa8545bddd83e8cbdfe05ca26880c48
flydata/new/only_dp/3/log_207_2026-3-20-17-59-02_vehicle_angular_velocity_0.csv	188454	6492faa66dc2708be6beeed14ca546463eb0d3e55f366dc7df0ccaaf3139e603
flydata/new/only_dp/3/log_207_2026-3-20-17-59-02_vehicle_attitude_0.csv	99028	d17da1a242f7bfd9ed66707fccd22b68511b1853d543ecc234083d36f8569b82
flydata/new/only_dp/3/log_207_2026-3-20-17-59-02_vehicle_attitude_setpoint_0.csv	93913	cee9d58872500d1112cbc39f4f97fb7f2f4c9f5c7fa38d15718d8fbadaafb172
flydata/new/only_dp/3/log_207_2026-3-20-17-59-02_vehicle_command_0.csv	270	0f3dbd1eab85349fd1303c2717d58692c15e5919ad1b11cbedc3f699e29e7124
flydata/new/only_dp/3/log_207_2026-3-20-17-59-02_vehicle_command_ack_0.csv	330	34e1d989c6002975f280d55556497a193fa1a94230e99400a3e75bdb3dce0bfa
flydata/new/only_dp/3/log_207_2026-3-20-17-59-02_vehicle_control_mode_0.csv	3920	4d05a3901decac15cd362cae10964a621adb6e9fa35e28077a3c6d7937c641bf
flydata/new/only_dp/3/log_207_2026-3-20-17-59-02_vehicle_imu_0.csv	11739	c7981fbac82bcc2b7eff834091213a2637cead809af8b474d6952bb0b0f91c48
flydata/new/only_dp/3/log_207_2026-3-20-17-59-02_vehicle_imu_1.csv	11708	3503bf8403673b4d4a9cf66f550b6250d214b718fd7a85a5a26efed60b3ae399
flydata/new/only_dp/3/log_207_2026-3-20-17-59-02_vehicle_imu_status_0.csv	11441	eb1183e70f1eeb39e25a245c5cc01d009ede1c427073a531e1670720ebf48738
flydata/new/only_dp/3/log_207_2026-3-20-17-59-02_vehicle_imu_status_1.csv	11839	8857b3596516cd87481f49031a11baa4965529341650e9e3252c15a7c2d29186
flydata/new/only_dp/3/log_207_2026-3-20-17-59-02_vehicle_land_detected_0.csv	1878	f1f64ff3ca645cfde69b6d85c3b1fe30947e3872c48e4551c59ff68bbce0c483
flydata/new/only_dp/3/log_207_2026-3-20-17-59-02_vehicle_local_position_0.csv	164691	c529fb066e583f60da777c6513cf2ae32be5dfe6d38cb1b1f4f6aa355c61ee15
flydata/new/only_dp/3/log_207_2026-3-20-17-59-02_vehicle_local_position_setpoint_0.csv	59590	9aef4daf86cab1eeac5263740cd1cead4ba58cd4dffb9c5fcea64b38d7eeece9
flydata/new/only_dp/3/log_207_2026-3-20-17-59-02_vehicle_magnetometer_0.csv	5595	a5e9bd050c2e44454345cd744ce941fa68e8386a8e38fbfabd9293e507a77507
flydata/new/only_dp/3/log_207_2026-3-20-17-59-02_vehicle_rates_setpoint_0.csv	137615	d6cd1fb383ae7ae22d2f509ee8406c3e829382c7a0a6cf2d6b04db267329f795
flydata/new/only_dp/3/log_207_2026-3-20-17-59-02_vehicle_status_0.csv	12128	bb3b2b21680637d08e8b3ea4f6970c396d05555f1b99eaf586f9b663a182e2ad
flydata/new/only_dp/3/log_207_2026-3-20-17-59-02_vehicle_thrust_setpoint_0.csv	85165	acf61607636ed09bd0c8c9e1893a04cee04253c3311146a2aa9e0874d0d89696
flydata/new/only_dp/3/log_207_2026-3-20-17-59-02_vehicle_torque_setpoint_0.csv	124438	3660f389078fb9579e0f669bbd82bf30b015d64342fa2462e0d42e2d1c825835
flydata/new/only_dp/3/log_208_2026-3-20-18-03-24.ulg	1814312	3b13e752a0867d5faa992dcf48cc9b1ee7de96d9801b5a3b4d1b8846281591a7
flydata/new/only_dp/3/log_208_2026-3-20-18-03-24_action_request_0.csv	60	ae04d30162d1103b233338eecfcdc1be76e292646216b36886a1566f8b3de2c2
flydata/new/only_dp/3/log_208_2026-3-20-18-03-24_actuator_armed_0.csv	2118	ed1317899438ea20ac670c2379656877fa3042fb2cd05415e3b4c1c9aa3d0e8d
flydata/new/only_dp/3/log_208_2026-3-20-18-03-24_actuator_motors_0.csv	40470	fd7b04401de1a5150b5b1c60794c53e5149a0d9b287652f93728c95083a932a7
flydata/new/only_dp/3/log_208_2026-3-20-18-03-24_actuator_outputs_0.csv	36881	f43896cda2c182ec89ee590630a22166bc4f4666c3b90c948bc19f157691def8
flydata/new/only_dp/3/log_208_2026-3-20-18-03-24_actuator_outputs_1.csv	282	fac76b5d9b84d4442fbc563f976ce5937289c97e665e1daa166b679cd7ab0ac1
flydata/new/only_dp/3/log_208_2026-3-20-18-03-24_battery_status_0.csv	46395	611f3283b98e87378f06e5184ca495fe2821d0926191d531c413465ac3073d1d
flydata/new/only_dp/3/log_208_2026-3-20-18-03-24_config_overrides_0.csv	1814	2ac7dc2bd3d6ce66433c2477479dc82f6b09f461db0d17acdcaa02d959b2ba19
flydata/new/only_dp/3/log_208_2026-3-20-18-03-24_control_allocator_status_0.csv	22422	fad2b5353e3862c3a72f5b27d4d0d6405fd84d4ba376dc312d822134590b4c3f
flydata/new/only_dp/3/log_208_2026-3-20-18-03-24_cpuload_0.csv	2677	77cd1167cdd1343dcbd5bca69732ee99910b122c5ef49c5734522502838c0938
flydata/new/only_dp/3/log_208_2026-3-20-18-03-24_estimator_attitude_0.csv	9723	053fa3f371fece692e6f916c05157db9199300856d319e50aa3d01fa489daf91
flydata/new/only_dp/3/log_208_2026-3-20-18-03-24_estimator_attitude_1.csv	9942	4be61a2387f2b682362c1045337a3fd2ad71ccea495b4c90b4cad847f43bca6d
flydata/new/only_dp/3/log_208_2026-3-20-18-03-24_estimator_baro_bias_0.csv	6909	da2d9087b19fb8f3889243d001cc293ce268bd2f86663e504378c34479055698
flydata/new/only_dp/3/log_208_2026-3-20-18-03-24_estimator_baro_bias_1.csv	6914	f261e26c9a811219fe4bab0b4fc839e8be1ed27184303da4da50b6895703fefe
flydata/new/only_dp/3/log_208_2026-3-20-18-03-24_estimator_event_flags_0.csv	4107	34e3b306606cff358bd17735b33d575fe4cc5358a62aa767a814691bf2299091
flydata/new/only_dp/3/log_208_2026-3-20-18-03-24_estimator_event_flags_1.csv	4107	27b11bb54976791fe37abe137deb6fbbbfa759e99dfafe0cc1e2a7fe9d90b2ae
flydata/new/only_dp/3/log_208_2026-3-20-18-03-24_estimator_innovation_test_ratios_0.csv	20606	ff012398df08affe721747f6a93723c1aa57ccbd145f7abea023d83072f8ba07
flydata/new/only_dp/3/log_208_2026-3-20-18-03-24_estimator_innovation_test_ratios_1.csv	20555	729c7a881e8ee56297794def2c96e0a01ea567cf83a855547bca61a09b914b12
flydata/new/only_dp/3/log_208_2026-3-20-18-03-24_estimator_innovation_variances_0.csv	21405	4a7b00dae87046fefb173d1f745385d44e806936c80e93a3074d96010ecd650c
flydata/new/only_dp/3/log_208_2026-3-20-18-03-24_estimator_innovation_variances_1.csv	21309	79efce96f45cb51cc31b4324db733b15ed9bdea8b9fbe2b689f75cb676258d5c
flydata/new/only_dp/3/log_208_2026-3-20-18-03-24_estimator_innovations_0.csv	20600	a96fcf5d59245390091e1bc7201c536212256642c6fe4fc2bb75e6c9673feb92
flydata/new/only_dp/3/log_208_2026-3-20-18-03-24_estimator_innovations_1.csv	20478	9c6d0c599114a84bc9bc53b83428509ba1d5c5b6236e32d26570ff2d22d8cc30
flydata/new/only_dp/3/log_208_2026-3-20-18-03-24_estimator_local_position_0.csv	32182	be4fbe82606c184ee827cc30f4da9087250271ce8361b6af76c86c0e9e4e568d
flydata/new/only_dp/3/log_208_2026-3-20-18-03-24_estimator_local_position_1.csv	32219	b0415003d61662bb011fd74332c53a9b4cbc6b49d35b28030e1a249db78e43bf
flydata/new/only_dp/3/log_208_2026-3-20-18-03-24_estimator_selector_status_0.csv	9202	a52b7f0b9469020dcf353a06a13ccb5614fbb56ab330a6ef87d2e2df1d766c94
flydata/new/only_dp/3/log_208_2026-3-20-18-03-24_estimator_sensor_bias_0.csv	60568	4a89de8b9104fcd6d02d15495fcec1b7deef257877145c3e7b92a378a038025f
flydata/new/only_dp/3/log_208_2026-3-20-18-03-24_estimator_sensor_bias_1.csv	60018	14015a6e7375e61953a12eb67daa918a94f71aef410e5a036f286986645bdcef
flydata/new/only_dp/3/log_208_2026-3-20-18-03-24_estimator_states_0.csv	24575	a54d80427aec9ce8f679fb41e02862476b6eeaf431a0edea5e5f1b4ebd5b02b0
flydata/new/only_dp/3/log_208_2026-3-20-18-03-24_estimator_states_1.csv	24506	a35694173e5c9992697921049d632c653b9fc933544d03f946cd98d493fcb514
flydata/new/only_dp/3/log_208_2026-3-20-18-03-24_estimator_status_0.csv	51542	24afd78d0a6b361f9f9051ede243ce166cb1fdea0c341c7e2f571cd27bca46a4
flydata/new/only_dp/3/log_208_2026-3-20-18-03-24_estimator_status_1.csv	51644	09d7d9c1fbe19bf67f7c2ff9965efe499b783102a0c2e3a277abaa359f4a3ec1
flydata/new/only_dp/3/log_208_2026-3-20-18-03-24_estimator_status_flags_0.csv	42382	755494d9a88df41a61cf749f330264baa7095522892859344e90f31665007504
flydata/new/only_dp/3/log_208_2026-3-20-18-03-24_estimator_status_flags_1.csv	42301	b8ecd8c169203e47bf14adc269c3e7f78bbee9a3edf6b82d0011ee26cb11a76f
flydata/new/only_dp/3/log_208_2026-3-20-18-03-24_event_0.csv	3579	389af5aae9e4afb7368a5c9840f240e2dbb84753818feb49615c2634a063b4b2
flydata/new/only_dp/3/log_208_2026-3-20-18-03-24_failsafe_flags_0.csv	11963	70351bc040e7c10d9bb9f544488b4ef8e998a323f1e1cfc4a05192d765b5e609
flydata/new/only_dp/3/log_208_2026-3-20-18-03-24_failure_detector_status_0.csv	3317	c004df381ea0d0a57c2b844491db31b1246cc67e8146da0bc132504a1ecab7ee
flydata/new/only_dp/3/log_208_2026-3-20-18-03-24_home_position_0.csv	329	31922e31e5f7202518d27fe542a35882571b79ac319495be144b80699f764eef
flydata/new/only_dp/3/log_208_2026-3-20-18-03-24_input_rc_0.csv	11438	45567bfa7fda2404dafc04568dde477b6a46b8901b78b359e1fcbe347c931381
flydata/new/only_dp/3/log_208_2026-3-20-18-03-24_landing_gear_0.csv	33	1ce99a6b33740f212d1c0c4d8784e5e56ed0db29bf847a712b3b3956dde5ecf7
flydata/new/only_dp/3/log_208_2026-3-20-18-03-24_magnetometer_bias_estimate_0.csv	729	c5d78e2725c47392c74c7564de2f9c40cc749f9e3586cee29d65787509ac313e
flydata/new/only_dp/3/log_208_2026-3-20-18-03-24_manual_control_setpoint_0.csv	18910	f959e5cff76a44e991d80a6933016c056d15a5e9c59a309932d81402989a4f94
flydata/new/only_dp/3/log_208_2026-3-20-18-03-24_manual_control_switches_0.csv	2199	27efb10c9e0ac014a1d07dbf1f7de0a991b123b97fd61ed5c27c13f7452dabdd
flydata/new/only_dp/3/log_208_2026-3-20-18-03-24_offboard_control_mode_0.csv	10102	c8085e976252bf18ca0c847939bcc778ca8d16ed031917d6e4869e490656c1a9
flydata/new/only_dp/3/log_208_2026-3-20-18-03-24_parameter_update_0.csv	127	65fe7d73181405a5bf1f9d60e2b6f0c3e61b1ac6dacd952db24b2c86dfc707b7
flydata/new/only_dp/3/log_208_2026-3-20-18-03-24_position_setpoint_triplet_0.csv	1773	c726af5b9b703a35358e4241d31a0b72dc76f96d57d73c7230c5d47063f31476
flydata/new/only_dp/3/log_208_2026-3-20-18-03-24_px4io_status_0.csv	13191	508ff9cb053b49a53d3f2e9c37699570ef82155b98a91d3b6c68ab1762c19387
flydata/new/only_dp/3/log_208_2026-3-20-18-03-24_rate_ctrl_status_0.csv	10453	f2807f1d2958a98be497fcda0e4e16b7d46ea7f1d7ced0111accdca016230723
flydata/new/only_dp/3/log_208_2026-3-20-18-03-24_rtl_status_0.csv	511	b29f978abfbdc986752ebf18e22dec606254c84ef74e3daa82d29ba875d9bb34
flydata/new/only_dp/3/log_208_2026-3-20-18-03-24_rtl_time_estimate_0.csv	301	a8f0625b9bc008fae3c7f94f47b94301f7c50a793c79796ed6c26136030e4c1c
flydata/new/only_dp/3/log_208_2026-3-20-18-03-24_sensor_accel_0.csv	3173	d8ebd453f0a9c8b253e8853f07279c5890c933002f82ea9c3f62a3570451c274
flydata/new/only_dp/3/log_208_2026-3-20-18-03-24_sensor_accel_1.csv	3401	f43b0696c75689c684af98c9ff27197edff0cbe1364dcb792954023c9d14d883
flydata/new/only_dp/3/log_208_2026-3-20-18-03-24_sensor_baro_0.csv	1961	6289e83a9f1277c2cc82a1e34d7da0c8a9171ac3c5cc793194aa4d531713dcb6
flydata/new/only_dp/3/log_208_2026-3-20-18-03-24_sensor_combined_0.csv	891981	e83215aa998d2e206cda4058cfb41b69464745790bea0bf0065bd84ee28d9010
flydata/new/only_dp/3/log_208_2026-3-20-18-03-24_sensor_gyro_0.csv	3292	bf7973daae83cc452c06c784bb192ca2845c3268904e3b7034febc39b67dd76b
flydata/new/only_dp/3/log_208_2026-3-20-18-03-24_sensor_gyro_1.csv	3555	bed479f5ab97b4c65804a502c5ad5dadaac2e3a565f52daeb0895418e4821108
flydata/new/only_dp/3/log_208_2026-3-20-18-03-24_sensor_gyro_fft_0.csv	155434	a2e14b68514be04e4d92bd90472ffe875faf0239d8586ec0df50a7b84aa3b703
flydata/new/only_dp/3/log_208_2026-3-20-18-03-24_sensor_mag_0.csv	2810	2660a49365d200251031744f3066a46e2c0a285790444b32d23bed9716d3437c
flydata/new/only_dp/3/log_208_2026-3-20-18-03-24_sensor_selection_0.csv	64	06590534c2bb3fbe1c1aca128a23628d835c841e3f4d0f3734437a7e474f6385
flydata/new/only_dp/3/log_208_2026-3-20-18-03-24_sensors_status_imu_0.csv	35056	84c8b8d2bc89460063a28ca6cd3d2b0667403674816df123d2d451e8de106336
flydata/new/only_dp/3/log_208_2026-3-20-18-03-24_system_power_0.csv	5178	a4d92b4b32b86144b3c725d71e7b107646804a59bf93de387b5dc93d35f81096
flydata/new/only_dp/3/log_208_2026-3-20-18-03-24_takeoff_status_0.csv	284	921d02443381f2df6c7822d2ec8cdc5888c44d7331ad792e2c945ef4e00f4e05
flydata/new/only_dp/3/log_208_2026-3-20-18-03-24_telemetry_status_0.csv	5721	c138a56a0c71c50a3ed0c9177863343c326caa30c1200d869a11af23bae5cc4f
flydata/new/only_dp/3/log_208_2026-3-20-18-03-24_timesync_status_0.csv	2926	c6e1c1fdbe46ed313f39761c350961339cddf75d9f39dc7777a60fc71822f70d
flydata/new/only_dp/3/log_208_2026-3-20-18-03-24_trajectory_setpoint_0.csv	20709	f1375418f339a2a8942a04bbf65b713bafeab2d2159f4e51dcb9bbc544cf42d8
flydata/new/only_dp/3/log_208_2026-3-20-18-03-24_transponder_report_0.csv	507	4a3329f9d7eccfd7cbd524ba165ac7baf303318495b5b7cbe5716b2096e0cd11
flydata/new/only_dp/3/log_208_2026-3-20-18-03-24_vehicle_acceleration_0.csv	44199	6bbc900c06c43e452e2e309b360a7a7b79b4fe5716a56b12fed91f879180c4c9
flydata/new/only_dp/3/log_208_2026-3-20-18-03-24_vehicle_air_data_0.csv	16166	136708fc99df4bf2dc0e6e61ece370c7f548122d0204ccc6f499be9c603e7bda
flydata/new/only_dp/3/log_208_2026-3-20-18-03-24_vehicle_angular_velocity_0.csv	181725	cdeec4600871cf3f3bd5eee90e39e75e7f868da5229600736276ff5c4d59ec58
flydata/new/only_dp/3/log_208_2026-3-20-18-03-24_vehicle_attitude_0.csv	96430	56e9cbe4dfcb04d3054ee11e0dad6630f0204227ba0e50e718edd1c69b2027ca
flydata/new/only_dp/3/log_208_2026-3-20-18-03-24_vehicle_attitude_setpoint_0.csv	94600	00e170878fe895f000ac956ed903cad2a270c88e3ee2ddd3707a4f6b5205a548
flydata/new/only_dp/3/log_208_2026-3-20-18-03-24_vehicle_command_0.csv	324	6a20a9d52bc83b219fafc76a11da9d5cd262a282351c80957c142c0f67f1fbfd
flydata/new/only_dp/3/log_208_2026-3-20-18-03-24_vehicle_command_ack_0.csv	322	634c4f488ab17cffd840ac776ef801d1d3d17e5f93bb63033628e53cbc1f4414
flydata/new/only_dp/3/log_208_2026-3-20-18-03-24_vehicle_constraints_0.csv	403	08b4c48290c21dfb1ab6ab61b53e50b5214739ce5d31caa1eb4590fad5f0cc88
flydata/new/only_dp/3/log_208_2026-3-20-18-03-24_vehicle_control_mode_0.csv	3795	676259f3f7fc90936933ef866eb96157fb6018e01eb78701b464f4caaa50fc6c
flydata/new/only_dp/3/log_208_2026-3-20-18-03-24_vehicle_imu_0.csv	11460	f58f3240d9aeb5041703d97611dd722db7bfedcf93a38910b4f829ae3e708bbd
flydata/new/only_dp/3/log_208_2026-3-20-18-03-24_vehicle_imu_1.csv	11413	86be0953797ded670727050afc0ba7d084cf83c24525043289feae2d7e3b8755
flydata/new/only_dp/3/log_208_2026-3-20-18-03-24_vehicle_imu_status_0.csv	11090	9a98c821892e23386d741c108514d83c84e2cd883212fc4d890aaba65fb5abff
flydata/new/only_dp/3/log_208_2026-3-20-18-03-24_vehicle_imu_status_1.csv	11482	cbffd71a15e72911c048a025d085bdb4c6f617c14fa8b1a532363697ccc5b4f8
flydata/new/only_dp/3/log_208_2026-3-20-18-03-24_vehicle_land_detected_0.csv	1830	41c803e4fe4727e888835fac480c919e33891e0b5f5a6d9c99552dc70efd471b
flydata/new/only_dp/3/log_208_2026-3-20-18-03-24_vehicle_local_position_0.csv	159670	9dcb958e4d3bd09e98e1c95ef8b8cfaf26a0879b3fe8c0658677fcfaf6e0fcbe
flydata/new/only_dp/3/log_208_2026-3-20-18-03-24_vehicle_local_position_setpoint_0.csv	62343	7ca900692d6457d45e58e7c34513e8de2ec4b941e8757074889460f649895f8e
flydata/new/only_dp/3/log_208_2026-3-20-18-03-24_vehicle_magnetometer_0.csv	5365	1cb1a0d243424bfc0c560833fc176e4c9d2b1228242911dfdff1cc86c9ca0415
flydata/new/only_dp/3/log_208_2026-3-20-18-03-24_vehicle_rates_setpoint_0.csv	139607	9102e9ee8fd0cd8a259d0f772a3365af310988bd0d854f4079196c9a4fdf2723
flydata/new/only_dp/3/log_208_2026-3-20-18-03-24_vehicle_status_0.csv	11658	e59420a0d02b06a2915405f7dde20e728ad25b2991be7aa71f40079245870bc8
flydata/new/only_dp/3/log_208_2026-3-20-18-03-24_vehicle_thrust_setpoint_0.csv	80935	95050f17442d00ee61d6e75f4a0009b12e5aece73362c16a4ea75e0073863b26
flydata/new/only_dp/3/log_208_2026-3-20-18-03-24_vehicle_torque_setpoint_0.csv	119354	80d135f9d6bfe1f1dfb13e2547f72e49a812abad0230362308c89e8d362307ab
flydata/new/only_dp/3/log_209_2026-3-20-18-05-06.ulg	1403640	708d056b7c06a22ad66aa702388a95454639fc4624ae583965b3efc91ae54644
flydata/new/only_dp/3/log_209_2026-3-20-18-05-06_action_request_0.csv	62	3504997eb70aea9fa20ef1a45cccb3c1ce083899a782a383d28aa69fb635a8ef
flydata/new/only_dp/3/log_209_2026-3-20-18-05-06_actuator_armed_0.csv	1614	37e494d7c3a4fa325a9ecfe2f04c97a0ed3de3d3862bf4cee93e93d5b8045653
flydata/new/only_dp/3/log_209_2026-3-20-18-05-06_actuator_motors_0.csv	30490	59a2ec38438518005259ed26b6f0cd9544cae8cc4974bb182df3a27b5f671acf
flydata/new/only_dp/3/log_209_2026-3-20-18-05-06_actuator_outputs_0.csv	27817	814d8da7c6ca8d3a91dbe37f39d37545026ac4ab2dfb0cedebb2a9a7806fbcea
flydata/new/only_dp/3/log_209_2026-3-20-18-05-06_battery_status_0.csv	35514	ae3c1d19b8db748857a5c61fb41ee9335b31cf2cb9b69b054e20e3b0255122f2
flydata/new/only_dp/3/log_209_2026-3-20-18-05-06_config_overrides_0.csv	1414	901718568c2774a762e6b872c6b2a842a07f3ea9295fff7c11c04c89aacc07f2
flydata/new/only_dp/3/log_209_2026-3-20-18-05-06_control_allocator_status_0.csv	17147	cbc45da44dcdd5798d54252e9e9e3e5496ea3e2d1da1d54dc000506d80194147
flydata/new/only_dp/3/log_209_2026-3-20-18-05-06_cpuload_0.csv	2049	9020035a10c11428c4f88e58dfe271e929686d1d94ae1c18028f80fa63b46d26
flydata/new/only_dp/3/log_209_2026-3-20-18-05-06_estimator_attitude_0.csv	7302	292a878e3e342cd8fd825c3910e6ea17ba78b468c98644b946e385b65fed7a91
flydata/new/only_dp/3/log_209_2026-3-20-18-05-06_estimator_attitude_1.csv	7504	9861b4f3f071d9fc16b6fb76a27421e3c6b2b3dbff907e446e8e33599ff812f4
flydata/new/only_dp/3/log_209_2026-3-20-18-05-06_estimator_baro_bias_0.csv	2869	2be80050120acaa4e50b82dd269e51cf578b7b20a7d392e6080172f3f85129d4
flydata/new/only_dp/3/log_209_2026-3-20-18-05-06_estimator_baro_bias_1.csv	2854	ee35a1f20864065861143110c4d83dc38a43fffdc77222e39f50cebd4dd299e3
flydata/new/only_dp/3/log_209_2026-3-20-18-05-06_estimator_event_flags_0.csv	3411	90797cdd43b62ca7ff2655f22fded7efa3d7d4e1532a7217664ccb4588c8279b
flydata/new/only_dp/3/log_209_2026-3-20-18-05-06_estimator_event_flags_1.csv	3411	2ed3c20f23061b8853a65ac2a26119f43c39d28d871a2391f97702ede0dce982
flydata/new/only_dp/3/log_209_2026-3-20-18-05-06_estimator_innovation_test_ratios_0.csv	14519	5a06545298fe9fe2cef10c6d9cd6a85cbedd8a3fe4ceb2a64f0f497691cf054c
flydata/new/only_dp/3/log_209_2026-3-20-18-05-06_estimator_innovation_test_ratios_1.csv	14478	433f635f09b8e9d28096dc3a0eae4e3a22eb92843148d94c70d855c79a86ba1b
flydata/new/only_dp/3/log_209_2026-3-20-18-05-06_estimator_innovation_variances_0.csv	15466	49b4dca603c5b02726082afcf3737225f3e81d16e0bfe0003bf4d74ff785985b
flydata/new/only_dp/3/log_209_2026-3-20-18-05-06_estimator_innovation_variances_1.csv	15392	3800e923a27b4fe1552219a8866556bdc4974956aa7d2c9229d7ead9e9fe8dd6
flydata/new/only_dp/3/log_209_2026-3-20-18-05-06_estimator_innovations_0.csv	14535	9b4bbb1f43518999377bf03fca04eea6c3911e7df03366f4be7cfcb6bbc35a1d
flydata/new/only_dp/3/log_209_2026-3-20-18-05-06_estimator_innovations_1.csv	14540	d4f1e0ab6ab49a6b2ac36d57b688c7208095c1811ea48dde3fee45727bf1f5e2
flydata/new/only_dp/3/log_209_2026-3-20-18-05-06_estimator_local_position_0.csv	23857	bd2796375b827739a1f379e80addf7da80d205ae8e6b2b0ac48b13d7e3395529
flydata/new/only_dp/3/log_209_2026-3-20-18-05-06_estimator_local_position_1.csv	23960	6d3d1b1f0e80f381185cb6ac1d4adb734e32426a45c88732a6215133408f0542
flydata/new/only_dp/3/log_209_2026-3-20-18-05-06_estimator_selector_status_0.csv	6996	21eec78d1d9b299d80581d1edea7ea74004d59ac1ccf46aec7fe7f0417caf46a
flydata/new/only_dp/3/log_209_2026-3-20-18-05-06_estimator_sensor_bias_0.csv	37283	16b2f18b93070f9d9c57b759d135d7ccbf032fcd5ad5da23ee28965f20a36ef4
flydata/new/only_dp/3/log_209_2026-3-20-18-05-06_estimator_sensor_bias_1.csv	38623	99ca7ba606df89b33c4c8d1ea241f92256ef4909b2051197153d13e8b82c7379
flydata/new/only_dp/3/log_209_2026-3-20-18-05-06_estimator_states_0.csv	18495	6af52d5e55421673cb553a8126d78827dea6d39b5afa55d57785952a52e9a043
flydata/new/only_dp/3/log_209_2026-3-20-18-05-06_estimator_states_1.csv	18353	afbe44cd323f8fd47d02ed1100a3d4d69c464634d48546327edfb9ace96f6bf2
flydata/new/only_dp/3/log_209_2026-3-20-18-05-06_estimator_status_0.csv	38943	7c9cab0966a8263c60eead90c5c4347f9b441ec0cd19c1ea90dc0348cd492446
flydata/new/only_dp/3/log_209_2026-3-20-18-05-06_estimator_status_1.csv	38268	26aec4ba77da757ad3482e361d57c1bcddb137124f92dffbcc79a8fcca3820d5
flydata/new/only_dp/3/log_209_2026-3-20-18-05-06_estimator_status_flags_0.csv	61944	377a6f61f3e7e1d4bac52ef05f3ace60d1d3ecff0080c93457680bdbfbdba122
flydata/new/only_dp/3/log_209_2026-3-20-18-05-06_estimator_status_flags_1.csv	75320	d461dcdfd2d73f0572d57e1520c7849dc1f24aae75a4467cf7214a86a8cc28cf
flydata/new/only_dp/3/log_209_2026-3-20-18-05-06_event_0.csv	6096	a6d639122cd7629cb9021599f73b50dd6dd6ca0c12183d7a8c84805f98cf339d
flydata/new/only_dp/3/log_209_2026-3-20-18-05-06_failsafe_flags_0.csv	9407	74d6a651f0cd3d9f8d75582867db28ddd45610b497b6edf3707f5f0c107a74a0
flydata/new/only_dp/3/log_209_2026-3-20-18-05-06_failure_detector_status_0.csv	2527	5bddc01763af8f05061345d37834e5359c6e4ab60b02816765721a79a3b237a1
flydata/new/only_dp/3/log_209_2026-3-20-18-05-06_home_position_0.csv	254	c372d7043d8bfd161779394d3d6799e20f0841f58939449ea6497cc64664f30f
flydata/new/only_dp/3/log_209_2026-3-20-18-05-06_input_rc_0.csv	8705	59056c6b6d1e7b771c7434bb8e02446d85fb53996b86f436776632399ab9b30c
flydata/new/only_dp/3/log_209_2026-3-20-18-05-06_magnetometer_bias_estimate_0.csv	610	400be1b847d7421cc8d20ce7cbc8634ef821bfbf931ef00cf709ef93ac3f88e2
flydata/new/only_dp/3/log_209_2026-3-20-18-05-06_manual_control_setpoint_0.csv	14271	9e5126898028ad28b5f91cc3813d4eea6e23955d29f84aa01240b4a4091bf434
flydata/new/only_dp/3/log_209_2026-3-20-18-05-06_manual_control_switches_0.csv	1739	d9585f7505d3025f28e86e6f485e1bfd69933450db84d2d56d050958b012a3d1
flydata/new/only_dp/3/log_209_2026-3-20-18-05-06_offboard_control_mode_0.csv	4078	a9a1903c5d9c8e16195cd11c920da0fe6124bb80d2cc50afab3d3ad03846b603
flydata/new/only_dp/3/log_209_2026-3-20-18-05-06_px4io_status_0.csv	10241	ddcd35f88adccf8ce241a6326615bbb73bf7901bcbd8d950b9b41a394939606b
flydata/new/only_dp/3/log_209_2026-3-20-18-05-06_rate_ctrl_status_0.csv	7722	b6bbab31f0c3f0ad6c053f6331bf7414d5e99ae6b1e8e716c8b35de98617be8c
flydata/new/only_dp/3/log_209_2026-3-20-18-05-06_rtl_status_0.csv	406	3f9e91b8d0952ae752ea328ba7e207a05516578c0d454808fea9f51d81add374
flydata/new/only_dp/3/log_209_2026-3-20-18-05-06_rtl_time_estimate_0.csv	241	a5151569f432a7a0807eb829f697180dd370f1406511e7ed067d8a6eb8ed0f82
flydata/new/only_dp/3/log_209_2026-3-20-18-05-06_sensor_accel_0.csv	2435	b15301e0461a878fd64a935ae242311f3e46e3794476c34375e15d30c40c52e2
flydata/new/only_dp/3/log_209_2026-3-20-18-05-06_sensor_accel_1.csv	2613	27882f02db943c29b11b45c14132e42e7e12adc5abb9ca1d2e1bdb10535cfeb6
flydata/new/only_dp/3/log_209_2026-3-20-18-05-06_sensor_baro_0.csv	1503	0d32e8aed15c7b44b568c44ee973b5124eb34f9090b8e0da403f6f7ea49e76f2
flydata/new/only_dp/3/log_209_2026-3-20-18-05-06_sensor_combined_0.csv	615288	b1f94f71752ca051a26b0cad6f2fd88bee2783f5e3b4888daa5625bcf42516e4
flydata/new/only_dp/3/log_209_2026-3-20-18-05-06_sensor_gyro_0.csv	2515	c75d8ea5903c74a0bdb7e7579b22ade81db35de3602868b1f1ead48cb075571c
flydata/new/only_dp/3/log_209_2026-3-20-18-05-06_sensor_gyro_1.csv	2713	0bb6305cfdd89548473a4b40bb18f6f6c62d78cee283cdc87c2d775abca07738
flydata/new/only_dp/3/log_209_2026-3-20-18-05-06_sensor_gyro_fft_0.csv	136866	eb0f3b0d2ef1919355c8eeb2d21dba6d5090d7d4424473d1e815860772a8646d
flydata/new/only_dp/3/log_209_2026-3-20-18-05-06_sensor_mag_0.csv	2125	7676552c34c4049e1702b9a903145d2e76912f1118e3f6f27e663fbe98118678
flydata/new/only_dp/3/log_209_2026-3-20-18-05-06_sensor_selection_0.csv	67	ccdf9140223f7830c287ce3118019417e084109298bc33d103e8fb4e9dd3a6a6
flydata/new/only_dp/3/log_209_2026-3-20-18-05-06_sensors_status_imu_0.csv	26662	7e4ade3113c88394d5d4c0d2a7c655c6901830daf5ef4c0fb2a5aa99b166faf4
flydata/new/only_dp/3/log_209_2026-3-20-18-05-06_system_power_0.csv	3922	7fbf7eaa899d49c9764431f739ee640b02d12da0b8e2444613e4ae762dc8b667
flydata/new/only_dp/3/log_209_2026-3-20-18-05-06_takeoff_status_0.csv	280	6d09a47b473794fb49ef09404a0dbc21438b69e938b31956559ac3b8cfb9eaa5
flydata/new/only_dp/3/log_209_2026-3-20-18-05-06_telemetry_status_0.csv	4516	6cc9844d705e13060e2d04c87b77c82d70d2bdb280ff095502f2475eee5435a7
flydata/new/only_dp/3/log_209_2026-3-20-18-05-06_timesync_status_0.csv	1266	4a4256cef0b51fc62320779bb54d7ff884c60debadcc74b2f2d3187350b6fcb4
flydata/new/only_dp/3/log_209_2026-3-20-18-05-06_trajectory_setpoint_0.csv	14079	e1f9f34e6fc22aa17e50cb0d90a8897fa9597e6d8edb688c12037d2476e3a571
flydata/new/only_dp/3/log_209_2026-3-20-18-05-06_vehicle_acceleration_0.csv	33116	d5047a75e920fa48d84998fbca43ca8c701630efb67c19bd5c8bdb59eb81e466
flydata/new/only_dp/3/log_209_2026-3-20-18-05-06_vehicle_air_data_0.csv	12187	fa1c59d8e2eefd8e6ea5b87f21edec90cce6907027810fbc172f2b029f27e570
flydata/new/only_dp/3/log_209_2026-3-20-18-05-06_vehicle_angular_velocity_0.csv	136975	f487caf8bb85a970655b355ec638aa001c680f31b104cd76b8da42568bb0af3f
flydata/new/only_dp/3/log_209_2026-3-20-18-05-06_vehicle_attitude_0.csv	73132	7556ec52eb87649873bd9f454f68795b9ab2d136f752f5b66650569b6f88acb3
flydata/new/only_dp/3/log_209_2026-3-20-18-05-06_vehicle_attitude_setpoint_0.csv	67172	8555581ded2553ba6dd24e341ffaf891064394db5a5cf9d261659344b495cb57
flydata/new/only_dp/3/log_209_2026-3-20-18-05-06_vehicle_command_0.csv	268	3dcc868b253151456d2bde6ecd62dce0a02a722d075c0fb303e12755ffa4b244
flydata/new/only_dp/3/log_209_2026-3-20-18-05-06_vehicle_command_ack_0.csv	266	5df959fcee5c4b53786b4695ceb5333962cb1503317785a3ca08e9df56b1a3c7
flydata/new/only_dp/3/log_209_2026-3-20-18-05-06_vehicle_constraints_0.csv	363	2ff5ed8a0b3f9c812e5e42f2d4e77f86cc67705e3bd7e72f01bec5ac0779e454
flydata/new/only_dp/3/log_209_2026-3-20-18-05-06_vehicle_control_mode_0.csv	2955	1990e20bce80d787024fb13906965f232bf65b9185494a462c4c14e51f5103a5
flydata/new/only_dp/3/log_209_2026-3-20-18-05-06_vehicle_imu_0.csv	8602	989ac5b7d3e4afe2d9d62153e2c847c3edff1ddb7354fadd40f44cbf57e4bce7
flydata/new/only_dp/3/log_209_2026-3-20-18-05-06_vehicle_imu_1.csv	8594	083f38084e0c05a7c058d2878f548b361c46d8515025e156a689128961a19d26
flydata/new/only_dp/3/log_209_2026-3-20-18-05-06_vehicle_imu_status_0.csv	8512	3bb32c8a005bbb4dc3d1f7da4d3a9bcb1c5c284b2d97fc699bab93a8b051515e
flydata/new/only_dp/3/log_209_2026-3-20-18-05-06_vehicle_imu_status_1.csv	8809	04fa4803389f1a6bc0b009ea1e08ccd134cc19f2ffac4f87ae5c19cbeb017928
flydata/new/only_dp/3/log_209_2026-3-20-18-05-06_vehicle_land_detected_0.csv	1490	093e165275bed72099c490a0400f95359cec30a51a6933cd4cc5f4006575708e
flydata/new/only_dp/3/log_209_2026-3-20-18-05-06_vehicle_local_position_0.csv	120635	e801d394e0f918ffca628d023f4718db88e50327a04b1d674561983c2fe8d41e
flydata/new/only_dp/3/log_209_2026-3-20-18-05-06_vehicle_local_position_setpoint_0.csv	42490	7c60c8282ed50fb0da694186e211810ec2312fe3c98290f66b9774834b6d8be8
flydata/new/only_dp/3/log_209_2026-3-20-18-05-06_vehicle_magnetometer_0.csv	4035	2007985865cd4d9337b56b7e099bbc8a09eb671ec6a7ecedc7700fc004e5c581
flydata/new/only_dp/3/log_209_2026-3-20-18-05-06_vehicle_rates_setpoint_0.csv	105055	d95de2d1a76e95b537f7cb131afb0fac81a2176d68400330706cb7f1c4d8d459
flydata/new/only_dp/3/log_209_2026-3-20-18-05-06_vehicle_status_0.csv	8925	36b07cda588d7f221a7a1b1f98e8b7193a00a59bf2f5961dfc12acd9df2c7ca5
flydata/new/only_dp/3/log_209_2026-3-20-18-05-06_vehicle_thrust_setpoint_0.csv	60654	2ffbbd8f0990e097ace2672d5e527ccbb8205e581ea659726f80ccce0ffda3da
flydata/new/only_dp/3/log_209_2026-3-20-18-05-06_vehicle_torque_setpoint_0.csv	89369	66d79a526b38a7ab51487219358069911e1f9bd4b99a89cf9ab02b53ed642681
flydata/new/only_dp/4/arming_time_20260320_205026.csv	39	ead755e47e9f30dc574cde9ead81639aec60db436adb36b8d4e75b1b5b826b24
flydata/new/only_dp/4/log_211_2026-3-20-18-48-46.ulg	1835540	26dd26960a02c94c1c7443c38fb72b9478c7c1f7a2c75e7d9b3e5d990143e83a
flydata/new/only_dp/4/log_211_2026-3-20-18-48-46_action_request_0.csv	45	c86f7f46d0a2a0d4e806a49ae59c046d2470e51aa90d1e7ed863af10bc82237a
flydata/new/only_dp/4/log_211_2026-3-20-18-48-46_actuator_armed_0.csv	2214	8576422b4e307a95a231045e69dcc8f6e616ce40ec5db081edd2d5e8bcebf9fa
flydata/new/only_dp/4/log_211_2026-3-20-18-48-46_actuator_motors_0.csv	41611	e82f530ec6507ce70a170a3f6825cbf813a87cbcc25a164f1e25110c56fd2b08
flydata/new/only_dp/4/log_211_2026-3-20-18-48-46_actuator_outputs_0.csv	37849	38e8e6d15f4007e37ce48360f8b95d4e2f764a41a823243392ed0fabdaac5f6a
flydata/new/only_dp/4/log_211_2026-3-20-18-48-46_actuator_outputs_1.csv	282	af99ad7532a2dc88d6392cea1408ac423f57a1af60c19bdd4715b7f8f2bb2285
flydata/new/only_dp/4/log_211_2026-3-20-18-48-46_battery_status_0.csv	48433	3d187f7980ee75f111cb2a6070c255f47f86d44ce465c850b86ba80eb79fe736
flydata/new/only_dp/4/log_211_2026-3-20-18-48-46_config_overrides_0.csv	1854	79e155b3bc145e2800a31bc994de7674052934bcd1d4ee05fceb1f8719e30ce4
flydata/new/only_dp/4/log_211_2026-3-20-18-48-46_control_allocator_status_0.csv	22982	36de0441ab3862883f141b95aa73e5304e9da393c0fe1e68e15308f0e449ac3e
flydata/new/only_dp/4/log_211_2026-3-20-18-48-46_cpuload_0.csv	2744	53c35a78086311ba13cc07bb6e343f451722f70de9f8d02f52480bf9b03e4bf3
flydata/new/only_dp/4/log_211_2026-3-20-18-48-46_estimator_attitude_0.csv	10294	085e61c4481ea9b16c955c207cc67aea86e9cf43d6bb82326810bd9256fe30ed
flydata/new/only_dp/4/log_211_2026-3-20-18-48-46_estimator_attitude_1.csv	10248	10f3a64e0203d49e17ed0faa2425c461db2dd4c87651a17e8a1a11b434c57e77
flydata/new/only_dp/4/log_211_2026-3-20-18-48-46_estimator_baro_bias_0.csv	7069	35a7880f5b1ca0367bd72d8e03aeffbfa7ffe2cb4db1b61c8e3f8e00b7f26dec
flydata/new/only_dp/4/log_211_2026-3-20-18-48-46_estimator_baro_bias_1.csv	7053	2f1ca6c261ebb8ac5f45fb2720c8c85d82a9a71ae60a44ec0bd4516b3cb4a6b6
flydata/new/only_dp/4/log_211_2026-3-20-18-48-46_estimator_event_flags_0.csv	4401	b0c5aee8bf16898e9b47b681d7dd8a29b40ef3328f2b4f344da0356e83bd5ae8
flydata/new/only_dp/4/log_211_2026-3-20-18-48-46_estimator_event_flags_1.csv	4401	9b395cfd8e8c02050ec5a38c87fedae75f8158a35884007a1efe4154259314f7
flydata/new/only_dp/4/log_211_2026-3-20-18-48-46_estimator_innovation_test_ratios_0.csv	21067	4eadc917f74d061226813fcfafd67ca7ebd29bf500c09e0f86ccbb39aa4d244e
flydata/new/only_dp/4/log_211_2026-3-20-18-48-46_estimator_innovation_test_ratios_1.csv	20994	d2156ed71032205296f8a5f4055c968dfc15475f9f2d7d8b197ffe94f6dfeb80
flydata/new/only_dp/4/log_211_2026-3-20-18-48-46_estimator_innovation_variances_0.csv	21804	a8e7cc9d189af63cca28c1709fe1c9f5fa1c4acc12369ae7900d9b01e6b593a9
flydata/new/only_dp/4/log_211_2026-3-20-18-48-46_estimator_innovation_variances_1.csv	21803	e1926c8cb7ee1d4f66f044d645867e5420f6aba536732a0942e44ba6bd0a86cd
flydata/new/only_dp/4/log_211_2026-3-20-18-48-46_estimator_innovations_0.csv	21081	78aa24e43685ea5dce42306cb9113bbf91b8b48a81e3ba5e0a5b5784835e5efa
flydata/new/only_dp/4/log_211_2026-3-20-18-48-46_estimator_innovations_1.csv	20979	75085ef5ec2d81c0846d0deca1d8bd83705cb4a47a535d68baf4a3e44c0046c0
flydata/new/only_dp/4/log_211_2026-3-20-18-48-46_estimator_local_position_0.csv	32976	d4a84943b2edc8fe62942449f795059763d0a3a79d8752cee4457c4ec38c9c90
flydata/new/only_dp/4/log_211_2026-3-20-18-48-46_estimator_local_position_1.csv	33178	7cac1dc09a2d8df18b48f1aceeecf485f647ea3517e145a10cd18083acb48ef4
flydata/new/only_dp/4/log_211_2026-3-20-18-48-46_estimator_selector_status_0.csv	9516	93434be4208d087e6e8f50022724977077a482774a7fb36b1f0c26fba3da7a2c
flydata/new/only_dp/4/log_211_2026-3-20-18-48-46_estimator_sensor_bias_0.csv	66694	15d2d64892609606231aff09bd17c1c76270bd67aff86e503c24eb4aecebe190
flydata/new/only_dp/4/log_211_2026-3-20-18-48-46_estimator_sensor_bias_1.csv	68670	57cb6b3220a45406518239862b826f7ef2f671643752d95a3474d20c3f8358bc
flydata/new/only_dp/4/log_211_2026-3-20-18-48-46_estimator_states_0.csv	25136	1d0203a69c674cac429068ed6059acf988e867fd6a515303572f079c56cd5a5c
flydata/new/only_dp/4/log_211_2026-3-20-18-48-46_estimator_states_1.csv	25001	3587dbf01378993f56eb2555aff9290d15dcb8581ecbe1ef7ab478ed6ce7edca
flydata/new/only_dp/4/log_211_2026-3-20-18-48-46_estimator_status_0.csv	54374	2041ad7d17c2958d48baf9ac3b6ab73d561be2be1c18b97e74feb97240afc4da
flydata/new/only_dp/4/log_211_2026-3-20-18-48-46_estimator_status_1.csv	53430	03b17a3885cdb1c0a20fc2c9095425f9b08f9a03362a1754222d8e37e652c86f
flydata/new/only_dp/4/log_211_2026-3-20-18-48-46_estimator_status_flags_0.csv	42978	4fbb933726b2e9af22d054b2ec1cfac638697194d11e98d613903d41db4b2236
flydata/new/only_dp/4/log_211_2026-3-20-18-48-46_estimator_status_flags_1.csv	42978	4fcb7984f7e2fcf60900894e558e9494ba097a3cd9e95ff39964a13f4bf6c43c
flydata/new/only_dp/4/log_211_2026-3-20-18-48-46_event_0.csv	3535	8827523da97e072a527ba46b0a1efe04666f99901c2dccd2d67d302566094383
flydata/new/only_dp/4/log_211_2026-3-20-18-48-46_failsafe_flags_0.csv	12247	6df373bd36e68614dab1f67ac6c6d598a6235263d96bf7f9a1e17bbf5bd02051
flydata/new/only_dp/4/log_211_2026-3-20-18-48-46_failure_detector_status_0.csv	3463	29447169a76bedf778979c2d0eebccbf76bc8e66ef23d1c71f6511e8e9431ca4
flydata/new/only_dp/4/log_211_2026-3-20-18-48-46_home_position_0.csv	329	b69b8272ad9df6e48e3bef25d30f3d729cbf64e4528caf8360e14d06d5b24f0c
flydata/new/only_dp/4/log_211_2026-3-20-18-48-46_hover_thrust_estimate_0.csv	21634	e10103af0a9534fc3b3ccd51b04d45c218fa1b4a8bbe17942905f5544210c10f
flydata/new/only_dp/4/log_211_2026-3-20-18-48-46_input_rc_0.csv	11745	1976fca054374da685c735b314c06457cc72ff17ffa28e4fefb7424053c7de40
flydata/new/only_dp/4/log_211_2026-3-20-18-48-46_landing_gear_0.csv	33	ee1f339316bcee80bf08efda768e5fac33f9f6afc428b16063ba5938e944553b
flydata/new/only_dp/4/log_211_2026-3-20-18-48-46_magnetometer_bias_estimate_0.csv	830	465ac7ed0427f4cb292570a9793898cfd320af5f622bad876713f7a93a6ed612
flydata/new/only_dp/4/log_211_2026-3-20-18-48-46_manual_control_setpoint_0.csv	19441	b765fbc07388ed7e6188081fe0a205782aa8047b809a6cd8c04f0c3667213b4e
flydata/new/only_dp/4/log_211_2026-3-20-18-48-46_manual_control_switches_0.csv	2199	85227e5fe08106cec17d8d3b44a449a6d0d2fee9877525a3c9ad80dac7031452
flydata/new/only_dp/4/log_211_2026-3-20-18-48-46_offboard_control_mode_0.csv	10366	8f190e8b009cd89cb05ec5504caf1c6b7f1ebf38b36eae8a02832cd6f9f8d883
flydata/new/only_dp/4/log_211_2026-3-20-18-48-46_parameter_update_0.csv	209	17158bde505f52e4b1a0239e4bf19dbc527d4f6c6b8dfcfd96f69b4d1054451c
flydata/new/only_dp/4/log_211_2026-3-20-18-48-46_position_setpoint_triplet_0.csv	1777	89c53a68b708435782773348697c68ddad3163156aa63f149c1f28e649fbaa6b
flydata/new/only_dp/4/log_211_2026-3-20-18-48-46_px4io_status_0.csv	14072	d511f1a267f7081ed23400ec194c4ae6881824bb91d4515bb2dac8c8ba85dd17
flydata/new/only_dp/4/log_211_2026-3-20-18-48-46_rate_ctrl_status_0.csv	10516	5c9ce5efce57e112013c4a3dca6b9f99c1fc57a3a83ce79489ae7cf9496135d0
flydata/new/only_dp/4/log_211_2026-3-20-18-48-46_rtl_status_0.csv	553	dd933e5126a7cd2789dc3955061e70b989af7e78bb3cd4d346cddd3ee2db7001
flydata/new/only_dp/4/log_211_2026-3-20-18-48-46_rtl_time_estimate_0.csv	301	a8f0625b9bc008fae3c7f94f47b94301f7c50a793c79796ed6c26136030e4c1c
flydata/new/only_dp/4/log_211_2026-3-20-18-48-46_sensor_accel_0.csv	3241	31006f3f39d86a515d5ef728440880a201f95a8bed62cbc6e92223c7d1e6ba4a
flydata/new/only_dp/4/log_211_2026-3-20-18-48-46_sensor_accel_1.csv	3452	a94a77b291c3c9d7883e6f94d33edee78abf267ad3e395f1e2da0049cd5f3303
flydata/new/only_dp/4/log_211_2026-3-20-18-48-46_sensor_baro_0.csv	1992	856146609ef0487caf7ac63b8ee5634b8007770c988b7918ac2ee1e78dad8a52
flydata/new/only_dp/4/log_211_2026-3-20-18-48-46_sensor_combined_0.csv	836066	a584de8f890bac36e2e9d3f49613c7861ccdadd5493284a9f9b4eb4f1aa7ee2f
flydata/new/only_dp/4/log_211_2026-3-20-18-48-46_sensor_gyro_0.csv	3309	eb8c5684b00b77532f8a1e624e2cbf3bc1e1928054e10366e4618974be1af2dc
flydata/new/only_dp/4/log_211_2026-3-20-18-48-46_sensor_gyro_1.csv	3617	1a8a13a284f1d583605072d1655790f241334b1312e0e1fc82c82388e27d4861
flydata/new/only_dp/4/log_211_2026-3-20-18-48-46_sensor_gyro_fft_0.csv	181759	55896e9eb0dab54fa44202611d19d7663e9c23c41b069cad654629d2d933eb11
flydata/new/only_dp/4/log_211_2026-3-20-18-48-46_sensor_mag_0.csv	2861	2675a4eb8d3f09fe24e0867ca0746b4c309b93a65761ded816d076d4e977a0b5
flydata/new/only_dp/4/log_211_2026-3-20-18-48-46_sensor_selection_0.csv	67	79a0b9837c74f68376105bbae89e5486d26e02884d962f3274a7ca6f329b3715
flydata/new/only_dp/4/log_211_2026-3-20-18-48-46_sensors_status_imu_0.csv	36054	30a11a1d9d9ac2781bf19646c41c83feb0a2667b35e1346a987dd70099d7d5b9
flydata/new/only_dp/4/log_211_2026-3-20-18-48-46_system_power_0.csv	5289	8060080396b5bceaae8e7aa3e9b3873f45e7c36b92be28ef44be02f3abe74222
flydata/new/only_dp/4/log_211_2026-3-20-18-48-46_takeoff_status_0.csv	193	dee7906dc76e5eb2eea7226e1598699afe869ec1d6e05f8975a7dda350cbb502
flydata/new/only_dp/4/log_211_2026-3-20-18-48-46_telemetry_status_0.csv	5875	7bb545f12a08b7d40722913fc7e7f59ac08cbaf82f71ad73fe606bab06bf78bb
flydata/new/only_dp/4/log_211_2026-3-20-18-48-46_timesync_status_0.csv	3000	cc84e1a7925d7f065ca836e2200a360a1feec9007da82f759fcc7ab178204968
flydata/new/only_dp/4/log_211_2026-3-20-18-48-46_trajectory_setpoint_0.csv	18423	69755695cd2173947afa1d3af50f3c38c0b7551f6833096160dbf15b45dfccd1
flydata/new/only_dp/4/log_211_2026-3-20-18-48-46_transponder_report_0.csv	507	4a3329f9d7eccfd7cbd524ba165ac7baf303318495b5b7cbe5716b2096e0cd11
flydata/new/only_dp/4/log_211_2026-3-20-18-48-46_vehicle_acceleration_0.csv	44921	138fc70fd57f8c481c7479ecc30879a2f0b0ed63541f146da14e1a4894f4c9d1
flydata/new/only_dp/4/log_211_2026-3-20-18-48-46_vehicle_air_data_0.csv	16530	aebf38b23278b680cc4950609386837056d1e8c7448f9d5b02bb62648b64ee12
flydata/new/only_dp/4/log_211_2026-3-20-18-48-46_vehicle_angular_velocity_0.csv	186407	3db0f72bde1f933336deaee3a4db0d3b991ee940403cd240cebe5323a8b4a400
flydata/new/only_dp/4/log_211_2026-3-20-18-48-46_vehicle_attitude_0.csv	102499	f407e3355bdd8a0e931cfdf2f76ed6eb89a02e6dade7357dcaef7eb8962c37ab
flydata/new/only_dp/4/log_211_2026-3-20-18-48-46_vehicle_attitude_setpoint_0.csv	95429	99626557c49be57dedba08e05c8dea707afe1a6c59c4fb43e769671ec3e5fe26
flydata/new/only_dp/4/log_211_2026-3-20-18-48-46_vehicle_command_0.csv	324	35119513434efa6c0ee4ab2705faf7aa9354f2146f057c7736aa318dec02bd50
flydata/new/only_dp/4/log_211_2026-3-20-18-48-46_vehicle_command_ack_0.csv	322	0061003a8781c38554375ed5adb6ef07dfa00814621e4e045d1a9df48fc83312
flydata/new/only_dp/4/log_211_2026-3-20-18-48-46_vehicle_constraints_0.csv	63	7bbc5f141544abf019241f7d8aa953a703ade22826e749b77b496421a0bcefb2
flydata/new/only_dp/4/log_211_2026-3-20-18-48-46_vehicle_control_mode_0.csv	3955	bd99f20159a300f09b795ff0a729b1be4dd89dec3955faaf7426a65f34b9eae0
flydata/new/only_dp/4/log_211_2026-3-20-18-48-46_vehicle_imu_0.csv	11713	ecb32d995ffd3dec72379fc4fda6a047e36d19636bfe11f9083ef68ceb114218
flydata/new/only_dp/4/log_211_2026-3-20-18-48-46_vehicle_imu_1.csv	11665	fb18ddb54b9e0d1618c4abf4a6f0e9ad3d63e4d4dd86ac948e4597943bf74007
flydata/new/only_dp/4/log_211_2026-3-20-18-48-46_vehicle_imu_status_0.csv	11338	ac160aecdda7e10cef2e380bb4e79fcb5015bd25b80a208ad75df344280eb478
flydata/new/only_dp/4/log_211_2026-3-20-18-48-46_vehicle_imu_status_1.csv	11714	2acb7b813ef7d08af683f203107ffcaa93de569087c56c4dd19d44a3c8ffe82b
flydata/new/only_dp/4/log_211_2026-3-20-18-48-46_vehicle_land_detected_0.csv	1830	c3350448aea35a78c742e0fb286f333ae783d20889a552aae66449b6002c5c1c
flydata/new/only_dp/4/log_211_2026-3-20-18-48-46_vehicle_local_position_0.csv	165140	0796f0de25820cc17a29f88d173a8a107dd1281c98a4201a568861970fc43724
flydata/new/only_dp/4/log_211_2026-3-20-18-48-46_vehicle_local_position_setpoint_0.csv	63010	6ad31b918de7a2879d944f7aa597b2913ea213ad8d9e701479325281aebb0bd9
flydata/new/only_dp/4/log_211_2026-3-20-18-48-46_vehicle_magnetometer_0.csv	5504	d86b0c8bbe45a4e7487136038e427377ce5ca7e71e78b7930efd675bf82514bf
flydata/new/only_dp/4/log_211_2026-3-20-18-48-46_vehicle_rates_setpoint_0.csv	137873	7f14754bea87c5ff0b265969dad99b53f70e2d0fab47188e3164e4208500f766
flydata/new/only_dp/4/log_211_2026-3-20-18-48-46_vehicle_status_0.csv	12212	87a62c1167a4f1bd866ada1481987f8ab39b3a9da4f146cbb7d4338dff17c03a
flydata/new/only_dp/4/log_211_2026-3-20-18-48-46_vehicle_thrust_setpoint_0.csv	82593	8ca3943eb4fe4c9fc8ace9f4e47e0ba4fb356281d8cb8a9b0988942acc2862e1
flydata/new/only_dp/4/log_211_2026-3-20-18-48-46_vehicle_torque_setpoint_0.csv	121222	907ac2bf1c06f60e0d4a9fa36ccc996cfe3b2b6c831d9cd0925460fee683ebbf
flydata/new/only_dp/5/log_212_2026-3-20-19-09-06.ulg	1892841	ca4aac847a62096efb73825d7964245d4eddd73f291af3e6a3d5b73a22564734
flydata/new/only_dp/5/log_212_2026-3-20-19-09-06_action_request_0.csv	45	e0be68c0d445802840dd3dd3f7850faeab46e6562ac9b90f4f6e067998c3747c
flydata/new/only_dp/5/log_212_2026-3-20-19-09-06_actuator_armed_0.csv	2238	62500b39b38e54ba19d9e81a4b92e345671fc61ec2703da8348c760217bcd5c1
flydata/new/only_dp/5/log_212_2026-3-20-19-09-06_actuator_motors_0.csv	42461	5b14d99ddb8d10aca149625f9e77dfb1f98408e9e8b69c68a3f30c0e89bb8497
flydata/new/only_dp/5/log_212_2026-3-20-19-09-06_actuator_outputs_0.csv	38465	ae1e612af3d598fa328d34370ca62c7ddf16aaf2914e449262dd896253c7022d
flydata/new/only_dp/5/log_212_2026-3-20-19-09-06_actuator_outputs_1.csv	282	ee86114bfae2caa7f55f07ae8ced77f3f5fb15f2e12ff188866dd3253dc60c3c
flydata/new/only_dp/5/log_212_2026-3-20-19-09-06_battery_status_0.csv	48521	c16648cde5efb4a10efa0f3286d788e25d7767b5d67cd46c14706ccce8a661d4
flydata/new/only_dp/5/log_212_2026-3-20-19-09-06_config_overrides_0.csv	1894	92225d52d748caeba3c8e960610cb9958e3d2992863d82fd251b789f91753986
flydata/new/only_dp/5/log_212_2026-3-20-19-09-06_control_allocator_status_0.csv	23661	7355d30460c0808af1655e5e22aae197e6d1317eb6d79c0fea08b4766865be49
flydata/new/only_dp/5/log_212_2026-3-20-19-09-06_cpuload_0.csv	2798	815e08ca7d94bc85144f7809733d979e9a022018d21f4921157685e97da3a8c6
flydata/new/only_dp/5/log_212_2026-3-20-19-09-06_estimator_attitude_0.csv	10511	57059b3bf437d3fa9fc80ee02d7d3c56c290b60f505946cc6eb41c228c395c45
flydata/new/only_dp/5/log_212_2026-3-20-19-09-06_estimator_attitude_1.csv	10488	44b17add33245e33573ac3b58a91fa5883a5a6fad27d8a1c89332d0543350954
flydata/new/only_dp/5/log_212_2026-3-20-19-09-06_estimator_baro_bias_0.csv	7197	1f32ea62fb0c59c54557584a9f8d4a37564a1f15bf586c2fe51cf42761041e1f
flydata/new/only_dp/5/log_212_2026-3-20-19-09-06_estimator_baro_bias_1.csv	7211	4689c9b4bcb87f36172e095f5dadfe459cb634c6d1debce9d38f080d7468d142
flydata/new/only_dp/5/log_212_2026-3-20-19-09-06_estimator_event_flags_0.csv	4313	22d42f58e2c8e2567411a255ff1fee979dcd8ddc82e93dbc05cccae9edeb3ec9
flydata/new/only_dp/5/log_212_2026-3-20-19-09-06_estimator_event_flags_1.csv	4313	2d4d65407f0ba4aacd10629044db4f93cf60c73e02a1c78eeb81fcc703160bd9
flydata/new/only_dp/5/log_212_2026-3-20-19-09-06_estimator_innovation_test_ratios_0.csv	21317	c00fdd9e6b2b280b241807c53aff71281119b9e12809de10bca3c9c1bbc3fddd
flydata/new/only_dp/5/log_212_2026-3-20-19-09-06_estimator_innovation_test_ratios_1.csv	21252	d177b7b36824d8dc9754af0f35021d23b8b86d82ce85d5a10a44050b83718bfb
flydata/new/only_dp/5/log_212_2026-3-20-19-09-06_estimator_innovation_variances_0.csv	22020	2daac66532fee0bf10f01a9e9f6f9bc2a666a716505c398198b54b2effc79892
flydata/new/only_dp/5/log_212_2026-3-20-19-09-06_estimator_innovation_variances_1.csv	22025	a30a58eb5e8df1e1e4d33708b1d292036e38a0f719e2802552e750a1d12b88e5
flydata/new/only_dp/5/log_212_2026-3-20-19-09-06_estimator_innovations_0.csv	21282	8298d888814e899657bd8f7a1957dd17688143d500fcdfe322fd750bff8f2a5c
flydata/new/only_dp/5/log_212_2026-3-20-19-09-06_estimator_innovations_1.csv	21455	9abafce635c66fb42454cf0168ce0cb6c471ad6a972ffbf95a2834c951a8e0a5
flydata/new/only_dp/5/log_212_2026-3-20-19-09-06_estimator_local_position_0.csv	34055	656efed670e6eec293183f0b1333a84e83b3778a427e96a3311e5a4f4a98187f
flydata/new/only_dp/5/log_212_2026-3-20-19-09-06_estimator_local_position_1.csv	34048	d01f5e85c2e451e497922b6d2a502bdeee25c144e31e7ac1ffee2d6dabacc261
flydata/new/only_dp/5/log_212_2026-3-20-19-09-06_estimator_selector_status_0.csv	9385	a4734c8976a2556baa506e65d7ccf090ed41d436f6694e6fd6f40e16878fe877
flydata/new/only_dp/5/log_212_2026-3-20-19-09-06_estimator_sensor_bias_0.csv	68815	89b3d587783ef4705665180d8c43351805f829fd0a37b2adf06e875a918d5a58
flydata/new/only_dp/5/log_212_2026-3-20-19-09-06_estimator_sensor_bias_1.csv	69200	bb73607cef09c6ca8e8853d9e453156f03d1dc0ba31858cb2f7cd1244d2df23e
flydata/new/only_dp/5/log_212_2026-3-20-19-09-06_estimator_states_0.csv	25860	4065f1302b0131e0686104847ceb2aa38f52b973b16f86fdf45abdb03fc3eaa6
flydata/new/only_dp/5/log_212_2026-3-20-19-09-06_estimator_states_1.csv	25791	85a56e0973309def73aaf9ea97d9916f849c15342329b443ba3628e8c93bf791
flydata/new/only_dp/5/log_212_2026-3-20-19-09-06_estimator_status_0.csv	53679	28f1d4c88f6f3270458c1b5f8aeb09c735314e9d3a27cbc9b091a04e853cf57f
flydata/new/only_dp/5/log_212_2026-3-20-19-09-06_estimator_status_1.csv	53840	e58bf89c068f9369b626fc2187937f2d5d5a8a66cb6b7ec5b9386085f0597133
flydata/new/only_dp/5/log_212_2026-3-20-19-09-06_estimator_status_flags_0.csv	51613	82431b006f06778a66bd48e89799f4cf29b03bdfe166856d6cdf29aa9067d866
flydata/new/only_dp/5/log_212_2026-3-20-19-09-06_estimator_status_flags_1.csv	51309	3a383bceef752e29050f2f6665cd00f14b822c0ee1880eb5aa39ecaf6ebb5f7a
flydata/new/only_dp/5/log_212_2026-3-20-19-09-06_event_0.csv	3489	250834e6c186b0f66df53c9e36fa1d4d093e4b655604fe854dda5eed4b209a43
flydata/new/only_dp/5/log_212_2026-3-20-19-09-06_failsafe_flags_0.csv	12389	6f585d5e02e436fa4ff7b7904b40f2b666c511e669beeb50bb374fc88b612c5f
flydata/new/only_dp/5/log_212_2026-3-20-19-09-06_failure_detector_status_0.csv	3512	8ff298a34c913af9dc716d5b3f0959b9546a5233463209c2168999a5cb56c44b
flydata/new/only_dp/5/log_212_2026-3-20-19-09-06_home_position_0.csv	325	7174b0ca20047579275f99236fc97c7e0408449c284e7bcfa78df4740718d1a3
flydata/new/only_dp/5/log_212_2026-3-20-19-09-06_hover_thrust_estimate_0.csv	23189	19afffd4a7762c9ae4d543d5d8f6366ac0b0c456b59330ba453fa690be15262d
flydata/new/only_dp/5/log_212_2026-3-20-19-09-06_input_rc_0.csv	11965	097308ed1958b74f29bc48afc71fb574c1166b21a0c0f8059ceeecdb877187e7
flydata/new/only_dp/5/log_212_2026-3-20-19-09-06_landing_gear_0.csv	33	a16804026e4353ebb591a0d53349204cf317a7374880d89b78add4c507e85df0
flydata/new/only_dp/5/log_212_2026-3-20-19-09-06_magnetometer_bias_estimate_0.csv	616	aa2b203ced8e8396c06b08790ed8f742293904b519f0ba62cb4f981059b977c7
flydata/new/only_dp/5/log_212_2026-3-20-19-09-06_manual_control_setpoint_0.csv	19107	3756b432fb245a04f2da9bbe74ad75a20988a11a8f1d15dfc509c6d6ca825767
flydata/new/only_dp/5/log_212_2026-3-20-19-09-06_manual_control_switches_0.csv	2245	97cca8225706a3477c1e66a3a6ddfefded8b99263aa4c16373279864cf568d8e
flydata/new/only_dp/5/log_212_2026-3-20-19-09-06_offboard_control_mode_0.csv	10534	d71173e0aca31eb83fe074befe50ca9d6836efec22de73c2150656aa0467182b
flydata/new/only_dp/5/log_212_2026-3-20-19-09-06_parameter_update_0.csv	168	a2f344976547d6a8b3e4fa92b962c77475580c87f7cbd8a9a5d6883aa9f0845c
flydata/new/only_dp/5/log_212_2026-3-20-19-09-06_position_setpoint_triplet_0.csv	1765	ded74a71d09ee99129e960ffd887b1c9aa226f597ba1eac5f4a3f5aa0a91cc98
flydata/new/only_dp/5/log_212_2026-3-20-19-09-06_px4io_status_0.csv	14070	326776d90a049bcecc2ac03277e19d3d741bc9b273f0458c18e7d5f293299ccb
flydata/new/only_dp/5/log_212_2026-3-20-19-09-06_rate_ctrl_status_0.csv	10598	00c61d367bb7653b2bce762ce8dbd8115e5edea73937873fcfd08c3e2d323e16
flydata/new/only_dp/5/log_212_2026-3-20-19-09-06_rtl_status_0.csv	553	c87e3569d1678179a5eb5972d825700f05785ce1378f79dcc51ac9f720cfb8eb
flydata/new/only_dp/5/log_212_2026-3-20-19-09-06_rtl_time_estimate_0.csv	313	72a3dd56302ae5f8bf79c89a2dc8393a1792717230b08b02b69a8f78e4790642
flydata/new/only_dp/5/log_212_2026-3-20-19-09-06_sensor_accel_0.csv	3328	234ad915aaa268324c97ccb659cfca25d6010bcce132a052d85933c723e80048
flydata/new/only_dp/5/log_212_2026-3-20-19-09-06_sensor_accel_1.csv	3550	13d5b8ceac7ef81b22440efb8cd155dcb6c6a5acb3f489ee30e20926c60b99cb
flydata/new/only_dp/5/log_212_2026-3-20-19-09-06_sensor_baro_0.csv	2049	0d8fbcbe5cbd4b78ab7f152239c04f5e12ce33fe80861cd78553c8b9984f69d3
flydata/new/only_dp/5/log_212_2026-3-20-19-09-06_sensor_combined_0.csv	932393	e3501bde7f1992d4b5fc1d1bfc8fb5fd9b9400c1aa296f201a157141af2deec3
flydata/new/only_dp/5/log_212_2026-3-20-19-09-06_sensor_gyro_0.csv	3445	0776b951cb5eade2dec4cbda32ce5b6e5734aa76ca9c67108d86e43b0a4dd1a9
flydata/new/only_dp/5/log_212_2026-3-20-19-09-06_sensor_gyro_1.csv	3725	6cf444678fed0af1c131a041939beb7cf4ccf496c04a65e2ccd4b3ef0fd89103
flydata/new/only_dp/5/log_212_2026-3-20-19-09-06_sensor_gyro_fft_0.csv	161685	dceb486aec1b4065e724ca6536e38cda4e0876ec6c5a30692c4235d40554ccd0
flydata/new/only_dp/5/log_212_2026-3-20-19-09-06_sensor_mag_0.csv	2907	bcbd8fd59a3fa8adb3e63bd09c96b6ea6fbf5e6171b7eb975bb09523c3f502a6
flydata/new/only_dp/5/log_212_2026-3-20-19-09-06_sensor_selection_0.csv	64	0f09b1057a2aec3a8dc564f7c506e93ba3916940bd619453eee2d1058e0d274d
flydata/new/only_dp/5/log_212_2026-3-20-19-09-06_sensors_status_imu_0.csv	36597	74fee8be4fbfaab1e58dfeb0317abc13c3ccbe26d177e74d8df43b5feb872436
flydata/new/only_dp/5/log_212_2026-3-20-19-09-06_system_power_0.csv	5367	864b38794e629a31b5486da9e0f73d4da01fe1d22bd4d3c8c5ca8e3a11d1c96c
flydata/new/only_dp/5/log_212_2026-3-20-19-09-06_takeoff_status_0.csv	216	23056b46e124d5a92c554c2a90553a9e84b5e4a39f1616bc96cc0309c50f4038
flydata/new/only_dp/5/log_212_2026-3-20-19-09-06_telemetry_status_0.csv	5945	133fc23712969f9b58dc59a965f4251d0deed325f18fd2d468649ce3bb88c0ed
flydata/new/only_dp/5/log_212_2026-3-20-19-09-06_timesync_status_0.csv	3064	0fc039b8b518757c784dcf04c8ead9682511ba6f39ba7b80219e0b147cfb604c
flydata/new/only_dp/5/log_212_2026-3-20-19-09-06_trajectory_setpoint_0.csv	18679	d3ed31c2e3292a20f4d9c50b1cd910f34ab8fa7fc810ff5a0362bbdc57fb0ec2
flydata/new/only_dp/5/log_212_2026-3-20-19-09-06_transponder_report_0.csv	507	4a3329f9d7eccfd7cbd524ba165ac7baf303318495b5b7cbe5716b2096e0cd11
flydata/new/only_dp/5/log_212_2026-3-20-19-09-06_vehicle_acceleration_0.csv	46062	df19e830d00f720df3423e475431c877b7424df0d788678cf6bb57a898ad4c6e
flydata/new/only_dp/5/log_212_2026-3-20-19-09-06_vehicle_air_data_0.csv	16794	b3ee754a283ffa769e633ece6f5f1594f33e61518b55b21253788b62e2c78eb0
flydata/new/only_dp/5/log_212_2026-3-20-19-09-06_vehicle_angular_velocity_0.csv	190147	479359c4aa7ccde1c3370bf9476ba12e1bccd9a57fe343046d9d2e9cb5f86ff7
flydata/new/only_dp/5/log_212_2026-3-20-19-09-06_vehicle_attitude_0.csv	104932	c2f7385d6668b05f524b70e5f637517b5c5c5d4d5c952f9c107bb1dcdc71a680
flydata/new/only_dp/5/log_212_2026-3-20-19-09-06_vehicle_attitude_setpoint_0.csv	96039	ed6c15ce57045b5ad1d11ff8c029dd4c0952dc9b2aa4a5bafcbfac59ecb3fbd0
flydata/new/only_dp/5/log_212_2026-3-20-19-09-06_vehicle_command_0.csv	324	cac3e8883e430b6b766ddb12e66f7004593b22ce6e00cca5abe6f3f1fa55c26b
flydata/new/only_dp/5/log_212_2026-3-20-19-09-06_vehicle_command_ack_0.csv	322	a774c77f246d764187333e84dae7b033bb913e1360336a8c915544c0bab595b3
flydata/new/only_dp/5/log_212_2026-3-20-19-09-06_vehicle_constraints_0.csv	62	a31d3f5271d99365b0bb15ce3cd5626d1b97cb15a6343dced54b26f56e993ed3
flydata/new/only_dp/5/log_212_2026-3-20-19-09-06_vehicle_control_mode_0.csv	3995	5ed4d852b74cfe36d551a15702950f301363866573d2b35b97ec4dd86270c042
flydata/new/only_dp/5/log_212_2026-3-20-19-09-06_vehicle_imu_0.csv	11973	6240d0ca1a8e8e098b960dfcc08b77662558d1dd204d763bfe1443b706ebddd8
flydata/new/only_dp/5/log_212_2026-3-20-19-09-06_vehicle_imu_1.csv	11957	e32b43a29ee6f14003a8036bd6d2965c2d96b38d33c95cb48fffda1d16d58a0e
flydata/new/only_dp/5/log_212_2026-3-20-19-09-06_vehicle_imu_status_0.csv	11635	96b681905a7c259c4091bf2620f9c44afb3c53f6b166487f14fec5fbc7c1df5b
flydata/new/only_dp/5/log_212_2026-3-20-19-09-06_vehicle_imu_status_1.csv	12027	c24682c17d559e0e30900c67b7273bab99e96fb0f00910cf9c26f4f29637670c
flydata/new/only_dp/5/log_212_2026-3-20-19-09-06_vehicle_land_detected_0.csv	1898	340ca1665d35089e9c0882e5547f0db5d5f750c6f6c47663b937a5d2a0c11049
flydata/new/only_dp/5/log_212_2026-3-20-19-09-06_vehicle_local_position_0.csv	170290	0559cb8681437f3824c3ac04cfb42e9b46f0972b9beaa7e3c6f799de58b0c14e
flydata/new/only_dp/5/log_212_2026-3-20-19-09-06_vehicle_local_position_setpoint_0.csv	61926	553a8efd8598559481a4341b18fb1e401e2362b2c25849abe9ea930c1ef42cbe
flydata/new/only_dp/5/log_212_2026-3-20-19-09-06_vehicle_magnetometer_0.csv	5445	13bfafebd3dd7d63af255d4b8221231c22c306de6296a17d18edb41a8ccc2dd2
flydata/new/only_dp/5/log_212_2026-3-20-19-09-06_vehicle_rates_setpoint_0.csv	139984	d2b850c428a57d34b217468937dbb98a6f3f0b2841151ed23820edd9aa961ec0
flydata/new/only_dp/5/log_212_2026-3-20-19-09-06_vehicle_status_0.csv	12222	4b449602c716c2bf8eb01bf2a9155eb96d9ccab7a9747030e44c8358fcd43bdc
flydata/new/only_dp/5/log_212_2026-3-20-19-09-06_vehicle_thrust_setpoint_0.csv	83644	135de0656322740998c45d3282dd3ccd8035999c9629de1663841446cd01ceb6
flydata/new/only_dp/5/log_212_2026-3-20-19-09-06_vehicle_torque_setpoint_0.csv	124051	ebc96fa743d0b5245083234a8dfbe6f852b7ecf5e09894cceb8e9a83cb0b0225
flydata/new/only_dp/6/log_215_2026-3-20-19-27-40.ulg	1897807	76dbf723e7c5a630898733fccd1337eb1e7118b3934695d31a9b7cdcadd6c911
flydata/new/only_dp/7/log_216_2026-3-20-19-30-40.ulg	1920697	78b11a32434f2d5f363aac485b74b8c1a57da5ac633ca2ea94523315aa232c77
flydata/new/only_dp/8/log_219_2026-3-20-19-49-46.ulg	1914209	4969196bd9a63158e1fb8df7116308c5e223d15904529f7a758c8f2838c7181a
flydata/new/only_turn/1/log_236_2026-3-20-21-39-40.ulg	2088351	e13f7e77716dda63e66a7bd71a25baa826fd54635c677797031a4f4704f14fc4
flydata/new/only_turn/2/log_123_2026-1-28-16-18-14.ulg	2400560	5dd9b0545bc2cafe8a04d81aae471e387c59ff4a1727cff52b3da6dce2d21747
flydata/new/only_turn/2/log_245_2026-4-2-19-35-04.ulg	2411008	26dd671f87e4d6d25cda317f37d6a8748ffb7ab9b44b073292d208a200349acb
flydata/new/only_turn/4/log_250_2026-4-2-20-01-08.ulg	2393051	2e966b3348f4ed57ee034ccc352ba965002457f5472693ed6d932d6eff55cfc9
flydata/new/only_turn/5_new_middle_2_1_219g/log_280_2026-4-2-23-03-20.ulg	1991367	6b600be57b028bc627cdb2f3a98ade3b076bbd621dc556bf6fa8f0352e244ead
flydata/new/only_turn/6_new_middle_2_1_219g/log_289_2026-4-2-23-53-54.ulg	2053260	ad655cf16f2f8161bb3e0c7a5487e8a7d44f296b136a5af26c3b9dba6217015d
flydata/new/only_turn/7_new_middle_2_1_219g/log_290_2026-4-2-23-55-54.ulg	2053897	07aa67cc71ead5c1d438f77003ee74da87671e3ea08e7b01ad48f9f7d0d0286f
planner/bspline_opt/CMakeLists.txt	888	44df7834e338aa79b4351abb2fd7d4e20e74d275d10c87a4a69e43874fa7b1af
planner/bspline_opt/include/bspline_opt/bspline_optimizer.h	9050	f632143cb0e70b908e2971abba106c3b5c66c7daa7b09736044b3ea908f6bb13
planner/bspline_opt/include/bspline_opt/energy_velocity_optimizer.h	6318	b782357fc6f0c586d351f1fd111ea694a9143d515c132436b5a464137a245808
planner/bspline_opt/include/bspline_opt/gradient_descent_optimizer.h	1169	f4dca4c397af33f63def9ee0a4a8549548a78e40aa5c450d78d874815276fe10
planner/bspline_opt/include/bspline_opt/lbfgs.hpp	53297	24f06fd04d816fa126a41725f4fe6ffa454ec5f93a44f3ffdbe1a3a88d00e7ed
planner/bspline_opt/include/bspline_opt/minco.hpp	40322	40c78c175e4dee9e0a4a839fa93e544808107ea1039a965efbcb2b2b46aea236
planner/bspline_opt/include/bspline_opt/uniform_bspline.h	2873	8760dbf7f3cf3d21f708c36458e6c34d77a0c040cf6a00260ef8bdcc0aaee089
planner/bspline_opt/include/gcopter/flatness.hpp	12719	6b7f45b5b313a3981b3eb79a63e37f8025c262d90d6edc6eeabb6503ec9390b2
planner/bspline_opt/include/gcopter/gcopter.hpp	34583	652f2b63087294207c3bbcc9d58cbde893179e8d1aeb9ad4b0c7aaa7eccbd339
planner/bspline_opt/include/gcopter/root_finder.hpp	32267	c5eaa3ebed6bc65b5671db8965c0c6e3f79cb0cfa9787c89822315cdbac9d781
planner/bspline_opt/include/gcopter/trajectory.hpp	15534	9ba9b8d43be34848f9f3bd955d5bf8c8922e85757255a7363c82fe59a8a2e9fd
planner/bspline_opt/package.xml	3303	65890e31c26c817e8f1c7b6e7c69e62c12ba5790cffdd745b0377663a2c4331e
planner/bspline_opt/src/bspline_optimizer.cpp	68859	2bb9de08b89446e7c276c9a95101700108217cfda62c907f416a71c8996bb605
planner/bspline_opt/src/energy_velocity_optimizer.cpp	21192	9465cdddfb2ba5998e1a8db1c82fdca10f7543128322933dbd803de5a4dc948e
planner/bspline_opt/src/gradient_descent_optimizer.cpp	3072	a0e92e5b297c813b06a1f972cfe82f938eac65ab39961a282167db2d7730408c
planner/bspline_opt/src/uniform_bspline.cpp	9847	8552c7ef8b6956ca579689d228e43fc27e4dbbe07889c3b6958f54e482e42d8e
planner/drone_detect/CMakeLists.txt	3534	3fbc8102f6adc7995f988b968d035d845bf63ae0cf61010351f670352b903b03
planner/drone_detect/LICENSE	1553	b51f7a0c7270033081b32d58eac524baa906175ff4d65123ed2c9bc5e7d5ed75
planner/drone_detect/README.md	2599	e3ec4880255ff0b88710c126cad30b40453c140974dd7ba5a195363aaeba5d7d
planner/drone_detect/config/camera.yaml	138	3f4a4bd5266917da06475cd5f4fd628bffeb44675be20822041fea8b5132d852
planner/drone_detect/config/default.yaml	117	9011a59224ff4f45883aea976a9be19f16636e0fe5d7c0cc95674f7a260a4d61
planner/drone_detect/doc/demo.jpg	372872	266de2116a0adcaf76aca3b877c8a1dc1267b6013c1742b2466dbafe36b53425
planner/drone_detect/doc/example.jpg	105226	3dd52af1d209a3171e0140c8a3ad53542e2bd817ae202774471d8f08798b1d16
planner/drone_detect/include/drone_detector/drone_detector.h	5483	6aae7db8439c198b6cb3e37da9ee73f3609c9bc8314df47f9b1b8a30a28f174a
planner/drone_detect/launch/drone_detect.launch	1042	cdb0b9adc341e1970b180e53dda28232a9cb8f3bc6379bb7f9676f216f6c117e
planner/drone_detect/launch/ros_package_template_overlying_params.launch	1452	5ba1073e5133705a775846c8f43d46891abdff7c0a30d598c180e89fb3ce2408
planner/drone_detect/package.xml	733	d2810a3ecb702f7765c9d255004c0f524fed99bbfbbb3d8f1d0a33c2679eb7ff
planner/drone_detect/src/drone_detect_node.cpp	267	be79fc54628056d838c495dd703a4a0533512ab2e4509ae14664cbfcd6827ccf
planner/drone_detect/src/drone_detector.cpp	16047	f86fd675d688562be32b92f1d62773bb0831bac20a89385da741d7f458faf87f
planner/drone_detect/test/test_drone_detector.cpp	211	7dd1427fa9b7e1e96fcf243cfde267c5279a17b4773680d2f4cb8e9cf130aa9c
planner/path_searching/CMakeLists.txt	756	9c7dc2b939bcf67d29108c6cbe27f0b5cb57b9ec9aedae01544bcd741a041223
planner/path_searching/include/path_searching/dyn_a_star.h	2969	532866c44e7f1462c9561afc747c4e1c9bb66bac4ed1fa78315a5732187855b9
planner/path_searching/include/path_searching/energy_a_star.h	7249	f7a794482159219792bd9b337a7f8a45c06ff5fab476a1879dabaf6fa5266db0
planner/path_searching/package.xml	3024	e7c8407f6fa97604e6dfa66d1526c836e0a1685cd0ff5d89aa2b0c84835a5b5e
planner/path_searching/src/dyn_a_star.cpp	8913	b00eec033c854211eb791e14d6b86e6b5c71ccbc67742e0a3038d06280e68c12
planner/path_searching/src/energy_a_star.cpp	13175	db9e50e958595d905c7917c70c68780841e8addcaea9c9be6244e7ee0053997e
planner/plan_env/CMakeLists.txt	1071	aa930e81b0a6425fd5693cd1644c33a022dfc10fbb3935c1e3c651c9fe031d02
planner/plan_env/include/plan_env/grid_map.h	25721	91c67ec09dfe93b696bf7600b7bc83ecaf50017df310f0972db595935fdc888a
planner/plan_env/include/plan_env/linear_obj_model.hpp	7173	95f540dd64a8be86acdd4407037c6b5944de33572170b59ab9ea2f2c2af7088a
planner/plan_env/include/plan_env/obj_predictor.h	4500	0c2dc839f636d662518d441885cc29437a7e454eeca70b7b15ec7e76f4528f06
planner/plan_env/include/plan_env/raycast.h	1337	9a46cf4a0bb177bcd9fce229001a623dff11c55e65eeb32eba3d4209771e2a9b
planner/plan_env/package.xml	2874	ec3a18e0f160e3857ba4666b2d2197345e05d04d8a417fbb24710aca570272cc
planner/plan_env/src/grid_map.cpp	31067	44f55580d09dbd37ed6fc32abf5b3c5d040ff6c2923be5e4a2f8d1e10a0147c3
planner/plan_env/src/obj_generator.cpp	8543	10b1f95b8cbb1dfad71dffea098d63b197e2a755352a3cc538764cb195269bb6
planner/plan_env/src/obj_predictor.cpp	8830	d41cac882c4c3f2c928bc012a9fa700f5cd09dbce44c644241783b2737a8c553
planner/plan_env/src/raycast.cpp	10171	0d5d4dd09f006a22857d023935267108cb1dbc27c45a59200d992f05eea8aa41
planner/plan_manage/CMakeLists.txt	1247	587af10d17554bcebaffbbc4cb852d736076214d714c8de27aa59b8833afe7b7
planner/plan_manage/include/plan_manage/dp_time_allocator.h	1667	448c1f5d508fe3debe2ab98cbb4863a34454dcad92b1f3e076ca069265069e0e
planner/plan_manage/include/plan_manage/ego_replan_fsm.h	4265	a571ab6eecb8a52c98a18730b063c18c50d1575e6aa60e4a9dbf4223c3766b7a
planner/plan_manage/include/plan_manage/planner_manager.h	3108	6a5cc61264500609e9dd6e66b52ff3a864e7f5f8979d496cedb7ed45df43f14f
planner/plan_manage/launch/advanced_param.xml	7558	ebcb55001107d80a04fca8771d65cb24671c1270e7a0174112de98a9ef4a816c
planner/plan_manage/launch/advanced_param_exp.xml	7824	81a75f72fa73df7f906fdf2162dc87717db44926387983f83b79b17f09c4bb48
planner/plan_manage/launch/default.rviz	15550	ae275d1ba022f80545d2c2a0e5f4f26917ed88aa18c04e6bf1706d5d3402b57b
planner/plan_manage/launch/run_in_sim.launch	5124	6d54457abdbb4b8183a1f97c1e71778b6f2df755db26a52a6072850432d50229
planner/plan_manage/launch/rviz.launch	131	67c8b04fed0061c7b8e26da3581ba31dd31de2efcf6967fee9f6cde8f1b326bd
planner/plan_manage/launch/sim.rviz	100731	cd37c862802424a5ce6290108546457f2bddcdc4674dbf4afc91a4aa9f7d7c54
planner/plan_manage/launch/simulator.xml	6954	dc2cbf8ee5813d44252dac48f447c843894ffba86855a683e65e323995861660
planner/plan_manage/launch/single_run_in_exp.launch	3544	60e0de5d1151e02b850fe3d48693aac9c2fba5203a97c5b0be3c79ba8b3e1776
planner/plan_manage/launch/single_run_in_sim.launch	5016	7500159b4015fbe3abb00fd0dfd41131a52b4ecb8d1d7cd92c59bf3c64a988c3
planner/plan_manage/package.xml	3234	bbd33146dbda4962abb34d4d864ee2b3f43eab009513d7c4029faea3bc2b2752
planner/plan_manage/src/.vscode/c_cpp_properties.json	2132	b6c0d5bc70452ccce942923b3c02fababecd671283d4d02c437bf4338781a5e9
planner/plan_manage/src/.vscode/settings.json	584	9e924feee23c87ac3a6cd0cffc6349d51af149226f2876b14b11b3a5eef177e7
planner/plan_manage/src/benchmark_cpu_node.cpp	4351	58684f8c17857e2abb5cff45ef7eabc1d37d069af1df48c40d7e440163753c0c
planner/plan_manage/src/dp_time_allocator.cpp	5913	714df36b1aa5b9884902d338435db98fb8bcb44366772168d5184dd37acdb58f
planner/plan_manage/src/ego_planner_node.cpp	1127	888901acd24c2ff4ade656ec31ec3b25bd11c3d85854a3d4c1066198d75751ec
planner/plan_manage/src/ego_replan_fsm.cpp	35185	8b46d89cb8f15f524f42c62c2813173050fb70b7d6027417917ebbfbd7ca9e42
planner/plan_manage/src/planner_manager.cpp	24518	c64c72de0471b364717c6340c5e47642ba3e3d41807f91bce9c0cd57b62b6c33
planner/plan_manage/src/traj_server.cpp	6689	642cf798636be79c41a4106280075657ca97a8673bca97b7a8148210574831e2
planner/rosmsg_tcp_bridge/CMakeLists.txt	607	97c22157131d53d7b19d103fd03942a88da4ef94808a12219b2d2552d2cd2036
planner/rosmsg_tcp_bridge/launch/.bridge.launch.swp	12288	28ded038386e0a60c47bb794a4d4a356d41c4d2c73cc366f7e0502f0e2994148
planner/rosmsg_tcp_bridge/launch/bridge.launch	774	268109a8d6ec3af0de9dbab86a2b746547660cd0c2c8a947bb7e523203db4d27
planner/rosmsg_tcp_bridge/package.xml	2752	a2fbbfe15112b39017a9041042e81d02fc3011fff72ef7032a8e7662b09e86d6
planner/rosmsg_tcp_bridge/src/bridge_node.cpp	21830	79c1a9c51a7c227afd2f8269d03e3b4b06c780d4f4d3698e1efd72a6bc24e935
planner/traj_utils/CMakeLists.txt	1086	5898d634cf6f64363c07004f6c5fc96274e7828828994f75a0154073dde58d7a
planner/traj_utils/include/traj_utils/plan_container.hpp	7183	67966b2d94fc2ab345f996ae5b7fe97fb3d919ce4b19c0ae476f06f3c7ff2425
planner/traj_utils/include/traj_utils/planning_visualization.h	2486	677c93ca0cccaaf4232a8a178d77b0813f884bdb19789af5ac17a12646636d95
planner/traj_utils/include/traj_utils/polynomial_traj.h	8250	cfe84011c7152cebaaca0404a0f34d48a115c69374ce4721b9f498312d1e6659
planner/traj_utils/msg/Bspline.msg	140	9aa978c3c74867e0decdb333ce936c3ea2704a8f94ce9054e08a9d1de36b92d5
planner/traj_utils/msg/DataDisp.msg	64	3867c49329e36ca5c781232992a0f38d2c7aa660f86b541150bf4a6e768ce7d2
planner/traj_utils/msg/MultiBsplines.msg	37	8a2833175547ea3cd74aefedc054039a45d11c7d91bdba3b6f98c0f56fe18b76
planner/traj_utils/package.xml	3267	5fcbca0e7a8fbc575e4ac66f2c99143de689a3a313c13ef77e70d1a176bb56b0
planner/traj_utils/src/planning_visualization.cpp	8736	a9b32e75ec52af93733228fce26ec189aef12bdf6b82fe8669a2f84a21da917c
planner/traj_utils/src/polynomial_traj.cpp	15867	59004bb862b51569844fb7d65d149006904ae8f65e19a6e85fe03b89f31fbf3a
